.hack//G.U. Last Recode,238
2Dark,90
303 Squadron: Battle of Britain,31
428: Shibuya Scramble,32
>observer_,119
A Hat in Time: Ultimate Edition – Build 3835273 + All DLCs,200
A Knight’s Quest,12
A Plague Tale: Innocence + Coats of Arms DLC,485
A Total War Saga: Thrones of Britannia – v1.0.11578 + Multiplayer,271
A Way Out – v1.0.62,470
Abandon Ship – v1.0.13298,37
"Absolver, v1.24.478 (Downfall) + 2 DLCs",144
ABZU – v1.1 + Proper Crack,121
Accel World VS. Sword Art Online: Deluxe Edition,215
Ace Combat 7: Skies Unknown – v1.0.1 (Monkey Repack),444
Achtung! Cthulhu Tactics – v1.0.0.6,19
ADR1FT – v1.2.9.20854,68
Afterparty,51
Age of Empires 3: Complete Collection,181
Age of Empires II: Definitive Edition – Build 36906 + Enhanced Graphics Pack,419
Age of Empires: Definitive Edition – Build 38862/Steam,668
Age of Wonders: Planetfall – Deluxe Edition – v1.101.38236 + 6 DLCs,70
Agents of Mayhem – v1.06 + All DLCs,408
Agony UNRATED,251
AI: The Somnium Files,62
Alice VR – v.1.2.4.1,23
Aliens vs. Predator + 2 DLC,127
All-Star Fruit Racing + DLC,108
American Truck Simulator – v1.38.1.1s + 27 DLCs,301
Amid Evil – v2055 (Ancient Alphas),38
Anamorphine,38
Ancestors Legacy – Build 52498 + Bonus Content,113
Ancestors: The Humankind Odyssey – v1.4,322
Antigraviator – v1.02,14
AO International Tennis – v1.0.1588,235
Aporia: Beyond the Valley,66
Apsulov: End of Gods – v1.0.12,46
Aqua Moto Racing Utopia,21
Aragami – v1.09 + 2 DLC + Bonus,107
ARC Continuum,36
Arise: A Simple Story,52
Arizona Derby,46
ARK: Survival Evolved – v311.74 + 9 DLCs,1156
Arma 3: Apex – v1.98.146303 + All DLCs + Multiplayer,1140
Asemblance: Oversight,24
Ashen,170
Ashes Cricket – v1.0548,239
Ashes of Oahu,33
Ashes of the Singularity: Escalation – v2.90.69534 + 12 DLCs,193
Assassin’s Creed 3: Remastered + Day 1 Patch + All DLCs + AC Liberation,800
Assassin’s Creed IV: Black Flag – Jackdaw Edition,756
Assassin’s Creed: Odyssey – Ultimate Edition – v1.5.3 + All DLCs,11745
Assassin’s Creed: Origins – v1.5.1 + All DLCs,8131
Assassin’s Creed: Syndicate – Gold Edition – v1.51 + All DLCs,889
Assassin’s Creed: Unity – v1.5.0 + All DLCs,1070
Assault Spy,53
Assault Squad 2: Men of War Origins – v3.261.0 + All DLCs,39
Assault Suit Leynos,6
Assetto Corsa – v1.14.1 + 10 DLC,366
Assetto Corsa Competizione – v1.3.1 + Intercontinental GT Pack DLC,194
Asterix & Obelix XXL 3: The Crystal Menhir + 2 DLCs,33
ASTRONEER – v1.13.121.0 (Automation Update),175
Atelier Arland series Deluxe Pack,100
Atelier Firis: The Alchemist and the Mysterious Journey – v1.0.0.9 + 2 DLCs,110
Atelier Lulua ~The Scion of Arland~ + 5 DLCs,67
Atelier Lydie & Suelle ~The Alchemists and the Mysterious Paintings~ + Bonus DLC,63
Atelier Ryza: Ever Darkness & The Secret Hideout – Digital Deluxe Edition + 8 DLCs,295
Atelier: Dusk Trilogy – Deluxe Pack,62
ATOM RPG: Post-apocalyptic Indie Game – v1.1,41
Attack of the Earthlings,13
Attack on Titan 2: Final Battle + All DLCs,612
ATV Drift & Tricks + Multiplayer,30
Autobahn Police Simulator 2 – v1.0.2,31
"Aven Colony, v1.0.23705 + DLC",111
BAJA: Edge of Control HD,47
Baldr Sky,48
Batman: Arkham Asylum – Game of the Year Edition + Joker & Prey in the Darkness DLCs,232
Batman: Arkham City – Game of The Year Edition,283
Batman: Arkham Knight – Premium Edition – v1.6.2.0 + All DLCs,1016
Batman: The Enemy Within – The Telltale Series – Shadows Edition,68
Batman: The Telltale Series – Shadows Edition (First Season Only),80
Battle Chasers: Nightwar,51
Battlefield 1: Digital Deluxe Edition – Update 3 + 3 DLC,1649
Battlefield 4: Premium Edition – v179547 + All DLCs + Multiplayer,754
Battlefield V – v1.04 build 3891220,1005
Battlefleet Gothic: Armada 2 – v8822,54
Battlestar Galactica: Deadlock – v1.2.70 + 4 DLCs,28
BATTLETECH: Digital Deluxe Edition – v1.8.0 + All DLCs & Bonus Content,174
Battlezone: Gold Edition – v1.08 + Multiplayer,53
Bayonetta,245
Bayonetta 2,260
BDSM: Big Drunk Satanic Massacre – v1.0.13 + 2 DLCs,44
Below – v1.1.0.79 (Explore Update),53
Berserk and the Band of the Hawk + 6 DLCs,147
BioShock Infinite: The Complete Edition,460
BioShock Remastered – v1.0.122872,115
Black Clover: Quartet Knights + 8 DLCs,85
Black Mirror – v1.0.0.1005 rev.8812,73
Black: The Fall,67
Blacksad: Under the Skin,76
Blair Witch: Deluxe Edition – v08302019/Update 1,210
BlazBlue: Central Fiction – v1.01,68
"BlazBlue: Cross Tag Battle – Special Edition, v2.0 + 14 DLCs + Bonus Content",138
Blood Bowl 2: Legendary Edition – v3.0.120.2 + 9 DLCs,82
"Bloodstained: Ritual of the Night, v05.07.2020 (Zangetsu/Randomizer)+ DLC",315
Bloody Zombies,57
Blue Reflection – v1.01/Update 1 + DLCs,161
Borderlands 2 – v1.8.4 + All DLCs,199
Borderlands 2: Remastered + All DLCs,423
Borderlands 3 + Update 3,2409
Borderlands: Game of The Year Edition – v1.5.0 + 4 DLCs,182
Borderlands: Game of The Year Enhanced + Multiplayer,331
Borderlands: The Pre-Sequel – Remastered + 6 DLCs,92
Borderlands: The Pre-Sequel – v1.0.7 + 5 DLCs,81
Bring to Light,64
Bubsy: The Woolies Strike Back,112
Bullet Girls Phantasia + 26 DLCs,72
Bullet Witch,47
Bulletstorm: Full Clip Edition,196
Burnout Paradise: The Ultimate Box – v20171009 + All DLCs,155
Call of Cthulhu,77
Call of Duty: Black Ops + All DLCs + Zombies + Multiplayer,880
Call of Duty: Black Ops 2 + 36 DLCs + MP with Bots + Zombie Mode,1781
Call of Duty: Black Ops 3 – v100.0.0.0 + All DLCs,2420
Call of Duty: Infinite Warfare – Digital Deluxe Edition,765
Call of Duty: Modern Warfare – Remastered + Update 2,690
Call of Duty: Modern Warfare 2 + 2 DLC,558
Call of Duty: Modern Warfare 3 – v1.9.461 + All DLCs,401
Call of Duty: WWII – Build 7831931 + All DLCs + Multiplayer + Zombies,1725
Call of Duty: WWII – Multiplayer + Nazi Zombies Add-on,1090
Call to Arms: Ultimate Edition – v1.100.0 + All DLCs,103
Candle,20
Car Mechanic Simulator 2018 – v1.5.15 Hotfix 1 + 9 DLCs,243
Carmageddon: Max Damage – The U.S. Election Nightmare Special Edition,48
Castlevania: Lords of Shadow – Mirror of Fate HD – v1.0.684579,22
Castlevania: Lords of Shadow 2 – v1.0.0.1/Update 1 + 4 DLCs,40
Castlevania: Lords of Shadow – Ultimate Edition – v1.0.2.9/Update 2 + All DLCs,66
Catch the Head,20
Catherine Classic,205
Centralia: Homecoming – v1.8,57
Champions of Anteria – v1.7.499537.X + All DLCs,134
CHAOS;CHILD,61
Chess Ultra – v1.6,38
Children of Zodiarcs,29
Chinese Paladin: Sword and Fairy 6,56
CHUCHEL,200
Citizens of Space,31
City Patrol: Police,47
Close to the Sun,125
CoD Black Ops 3 Repack Status,238
Code Vein – v1.01.86038 + 4 DLCs + Multiplayer,1345
Coffence,18
Command & Conquer 3: Tiberium Wars + Kane’s Wrath (v1.9.2801.21826/v1.02),119
Command & Conquer: Red Alert 3 + Uprising Add-on – v1.12/v1.0,169
Company of Heroes 2: Master Collection – v4.0.0.21748 + All DLCs,162
"Conan Exiles – v230672/25565 (Jun 21, 2020) + All DLCs",999
Conan Unconquered – v1.143.703634 (Belit’s Fury),33
Conarium – v1.0.0.3,37
Constructor HD – v25.04.2018 + All DLCs,67
Constructor Plus,43
Contra: Rogue Corps,68
CONTROL – v1.09 + DLC,1437
Corpse Party: Blood Drive,21
Cossacks 3 – v1.0.0.46 (Update 3),87
Crackdown 3,230
Crash Bandicoot N. Sane Trilogy,452
Crazy Machines 3,17
Cricket 19 – v1300,610
Crysis – v1.1.1.6156,134
Crysis Warhead – v1.1.1.711,155
Cuphead – v1.2 + Bonus OST,373
Cyberdimension Neptunia: 4 Goddesses Online,107
Dakar 18 – v.03,84
Danganronpa Another Episode: Ultra Despair Girls,64
Danganronpa V3: Killing Harmony,132
Danger Zone,49
Dangerous Driving,94
Dark Rose Valkyrie: Complete Deluxe Set,51
Dark Souls 3- v1.15 + 2 DLCs,420
Dark Souls Remastered,328
Darkest Dungeon – v23917 + All DLCs,57
Darksiders III – v203415_PK1_PK2 + 3 DLCs,521
Darksiders: Genesis – Build #42500 + Digital Extras DLC + Multiplayer,200
Darksiders: Warmastered Edition + Update 11 (v1.00 cs:2617),252
DARQ – v1.2 + The Tower DLC,45
Daymare: 1998,89
de Blob,36
de Blob 2 – v0.15,30
Dead Effect 2 – v190401.1357 + 2 DLCs,51
Dead or Alive 5: Last Round – v1.10C + All DLCs + Unlocker,183
Dead or Alive 6 – v1.20 + 75 DLCs,557
Dead Rising + All DLCs + HotFix,132
Dead Rising 4 + Update 4 + 8 DLCs,808
Dead Space – v1.0.0.222 GOG,71
Dead Space 2: Collector’s Edition – v1.1 + All DLCs and Conduit Rooms Unlocker,80
Dead Space 3: Limited Edition – v1.0.0.1 + 12 DLCs/Items,178
Death end re;Quest – Build 5.17.2019/3832712 + 9 DLCs,100
Debris,109
Decay of Logos – v1.0.29_8,59
Deliver Us The Moon – v1.0.3 + Soundtrack,44
Desolate – v1.0,130
Detective Gallo,10
Devil May Cry 5: Deluxe Edition – v02062020/3853173 + 30 DLCs,3730
Devil May Cry HD Collection,274
Devil’s Hunt,64
Die Young – v1.0.0.20,52
Diluvion: Resubmerged – v1.2.33 + 2 DLCs + Bonus,28
DiRT 4 – v1.02 + HotFix + 3 DLCs,285
DiRT Rally – v1.23,189
DiRT Rally 2.0: Game of the Year Edition – v1.13 + All DLCs,322
Disco Elysium – Build 4601387/Hardcore,244
Disgaea 5 Complete,76
Dishonored 2 – v1.77.9 + DLC + Bethesda.net Bonus,1017
Dishonored: Death of the Outsider – v1.145,385
Dishonored: Game of the Year/Definitive Edition,203
Disney Classic Games: Aladdin and The Lion King,84
Disney Infinity: Gold Collection – 1.0 + 2.0 + 3.0,216
Disneyland Adventures,92
Dissidia Final Fantasy NT: Deluxe Edition + 110 DLCs + SP + MP,296
Divinity: Original Sin 2 – Definitive Edition v3.6.58.1306 + Classic Edition v3.0.226.993 + DLC + Bonus Content,953
Don Bradman Cricket 17,231
Don’t Knock Twice,24
"DOOM + DOOM II: Classic Bundle – Bethesda.net v7155 (Jan 09, 2020) + 4 Add-ons",102
DOOM – Final Repack (v6.66/Update 9),387
Doraemon: Story of Seasons,72
Downward,35
Dragon Age: Inquisition – Digital Deluxe Edition – v1.11 + All DLCs,336
Dragon Ball FighterZ – v1.18 + 26 DLCs + Multiplayer,1709
Dragon Ball: Xenoverse 2 – v1.09.00 + 12 DLCs,880
Dragon Quest Builders 2 – v1.7.3 + DLC,318
Dragon Quest Heroes 2: Explorer’s Edition + All DLCs,138
Dragon Quest XI: Echoes of an Elusive Age – Digital Edition of Light + CrackFix,962
Dragon Star Varnir: Complete Deluxe Edition + All DLCs + Bonus Content,64
Draugen,29
"Dreamfall Chapters: The Final Cut, v5.7.2.1",144
Dual Blade ~ Battle of The Female Ninja ~,91
"Duke Grabowski, Mighty Swashbuckler",13
Duke Nukem 3D: 20th Anniversary World Tour,144
"Duke Nukem Forever, v1.0 (Build 244) + 3 DLCs",82
Dungeon Defenders – v8.3 + All DLCs,49
Dungeons 3 – v1.7 + All DLCs,111
Dying Light: The Following – Enhanced Edition – v1.23.0 + All DLCs + DevTools + Multiplayer,2227
Dynasty Warriors 7: Xtreme Legends Definitive Edition,59
Dynasty Warriors 9 – v1.01 + DLC,238
Eador: Imperium,91
Earth Defense Force 5 + 20 DLCs + Multiplayer,129
Earth Defense Force: Iron Rain + 52 DLCs + Multiplayer,81
Earthfall + DLC + Multiplayer,92
Earthlock: Festival of Magic,39
ECHO + HotFix/Update 2,251
Eisenwald: Blood of November,0
ELEX – v1.0.2981.0 Build 427388,270
Ember,31
Emergency 20,59
Emergency 2017,30
Empathy: Path of Whispers,36
EMPYRE: Lords of the Sea Gates,17
Endless Legend – v1.6.2 S3 + All DLCs,38
Endless Space 2 – v1.5.3.S5 + All DLCs,157
Euro Truck Simulator 2 – v1.37.1.0s + 71 DLCs,874
Event[0],48
Everreach: Project Eden,44
EVERSPACE,139
Expeditions: Viking – v1.0.1,107
Extinction,125
F1 2016 – v1.8.0 + DLC + Multiplayer,123
F1 2017 – v1.13 + DLC,307
F1 2018: Headline Edition – v1.16 + DLC,327
Fade to Silence – v1.1/1.0.2022 + Multiplayer,203
Fairy Fencer F: Advent Dark Force – Build.20170218 + All DLCs,116
Falcon Age – v1.02,42
Fallout 4 – v1.10.138.0.0 + 7 DLCs,1448
Fallout 4: High Resolution Texture Pack – for v1.9.4.0.1 and above,300
Fallout: New Vegas – Ultimate Edition – v1.4.0.525 GOG,335
Fantasy General II: Invasion – Hero Edition + DLC + Bonuses,36
Far Cry 3: Digital Deluxe Edition + Blood Dragon  – v1.05/v1.02 + All DLCs,440
Far Cry 4: Gold Edition – v1.10 + All DLCs,1255
Far Cry 5: Gold Edition – v1.011 + 5 DLCs,5685
"Far Cry: New Dawn – Deluxe Edition, v1.0.5+ All DLCs + HD Texture Pack",2599
Far Cry: Primal – Apex Edition – v1.3.3 + All DLCs + Ultra HD Textures,893
Farm Expert 2017 – v1.106 PROPER,53
Farming Simulator 17  – v1.2.1 + 5 DLCs + 2 Mods,158
Fast Dust,50
Fate/EXTELLA LINK: Digital Deluxe Edition + 19 DLCs + OST,115
Fate/EXTELLA: The Umbral Star,87
Fear Effect Sedna,54
Felix The Reaper,22
Fernbus Simulator + 2 DLCs,210
FIA European Truck Racing Championship + DLC + Multiplayer,39
FIFA 17,1442
FIFA 18 + Update 2,1352
FIFA 19 + Update 4 + Squad Update 11.30.2018 [Monkey & Turtle Repacks],1414
Filthy Lucre + CrackFix + Multiplayer,48
Final Fantasy VIII Remastered,191
Final Fantasy X/X-2: HD Remaster,113
Final Fantasy XII: The Zodiac Age – Day 1 Edition,233
Final Fantasy XIII + Update III,295
Final Fantasy XV: Windows Edition – v1261414 + All DLCs + Multiplayer + 4K Videos + HD Textures,3492
Fishing Sim World: Deluxe Edition,73
FlatOut 4: Total Insanity + Free Multiplayer,152
Flying Tigers: Shadows Over China – Digital Deluxe Edition,30
Football Manager 2017 + Football Manager Touch 2017 + FM Editor – v17.3.1 + 17 DLCs,214
Football Manager 2018 – v18.3.3,209
Football Manager 2019 – v19.1.1 + Multiplayer,468
Forged of Blood – v1.0.4341,59
Forgotton Anne,27
Formata,19
Formula Fusion,40
Forza Horizon 3 – v1.0.119.1002 + 44 DLCs,4137
Forza Horizon 4: Ultimate Edition – v1.380.112.2 + All DLCs,12656
Forza Motorsport 7: Ultimate Edition – v1.130.1736.2 + All DLCs,1895
Fragmented,81
Freeman: Guerrilla Warfare,68
Friday the 13th: The Game – vB11030 + 7 DLCs,229
"Frostpunk, v1.5.0 + 2 DLCs + Bonus",296
Full Throttle Remastered,33
Galactic Civilizations 3 – v4.0 + 19 DLCs,78
Garfield Kart: Furious Racing,58
Gears 5 – v1.1.15.0 (7233072) + Ultra-HD Texture Pack,1025
Gears of War 4 + Multiplayer with Bots,1263
Gears of War: Ultimate Edition – v1.10,385
Generation Zero – v1814208 (Anniversary Update) + 8 DLCs + Multiplayer,477
Get Even,147
Ghostbusters: The Video Game Remastered + HotFix,114
Gibbous: A Cthulhu Adventure,37
Goat Simulator: GOATY Edition – v.1.5.58533 + All DLCs,44
GOD EATER 2: Rage Burst,225
God Eater 3 – v2.50 + All DLCs + Multiplayer,734
God Eater: Resurrection,316
Gold Rush: The Game – Parker’s Edition – v1.5.4.12210 + 2 DLCs,351
Golem – v1.0.0.rev.47017,7
Golem Gates – v20180526,17
Grand Theft Auto IV: The Complete Edition – v1.2.0.32 + Radio Downgrader + Vanilla Fixes v1.3 ModPack,2397
Grand Theft Auto V / GTA 5 – v1.0.1868/1.50 Online,11060
GRANDIA HD Collection – v1.00.44,43
Gravel + Porsche Rally Pack DLC,91
Gray Dawn,20
GreedFall + DLC,417
Green Hell,140
GRID Autosport – Complete – v1.0.103.1840 + All DLCs,113
GRID: Ultimate Edition – v1.0.118.9362 + 8 DLCs,447
Grim Dawn – v1.1.5.0 + 7 DLCs + Multiplayer,512
Grimshade – v1.0.2,20
GRIP: Combat Racing + 6 DLCs,64
Guacamelee! 2,14
Guilty Gear Xrd -REVELATOR- Digital Deluxe Edition – v1.01 + 7 DLC,103
Guilty Gear Xrd REV 2 + All DLC,186
Gunheart,57
Guts & Glory,106
Half-Life: Source Quadrilogy – v09.26.2019 + 4 OSTs,269
Halo Wars 2: Complete Edition – Build 1130815 + All DLCs,445
Halo: The Master Chief Collection (4 games) – v1.1698.0.0 + HR Content Pack 2 DLC,1818
Hand of Fate 2 – v.1.0.3,41
Hardland,30
Heavy Rain – Build 5187887,495
Hellblade: Senua’s Sacrifice,452
Helldivers: A New Hell Edition,74
"HELLGATE: London (Re-release SP Version, v2.1.0.4)",63
Hello Neighbor,73
HITMAN 2: Gold Edition – v2.70.1 + All DLCs,2257
Hitman: Game of the Year Edition – v1.13.2,614
Hob – v1.10.2.0/Update 2,47
Home Sweet Home,64
Homefront: The Revolution – Freedom Fighter Bundle – v1.0781467(dcb0) + All DLCs,479
Honey Select + 3 DLCs,633
Hot Lava,32
How to Survive 2 + 3 DLC,38
Hunt Down The Freeman + Update 1 (Day 1 Patch),136
Hunting Simulator – v1.2 + DLC,167
Husk + Update 3,31
"Hybrid Wars: Deluxe Edition – Working Co-op, 3 Chars, Bonus Content",49
Hyperdimension Neptunia: Re;Birth Trilogy + All DLCs,119
Ice Age: Scrat’s Nutty Adventure,24
Immortal Redneck – v1.1.1,18
Immortal: Unchained v1.10 + 3 DLCs,182
Impact Winter – v1.0.5,42
In Fear I Trust: Episodes 1-4 Collection Pack,17
Indivisible,48
INFRA: Complete Edition,24
Injustice 2: Legendary Edition – v.Update 12 + All DLCs,1391
Inner Chains,40
INSOMNIA: The Ark – v20180928/Update 1 + Bonus,63
Ion Fury,135
Jagged Alliance: Rage! – v34404.651,50
Journey,219
JUMP FORCE: Ultimate Edition – v2.00 + All DLCs,1760
"Jurassic World: Evolution – Digital Deluxe Edition, v1.4.3 + 2 DLCs",445
Just Cause 3: XL Edition – v1.05 + All DLCs,1251
Just Cause 4: Day One Edition + 5 DLCs,2190
Kane & Lynch 2: Dog Days – Complete,83
Kerbal Space Program v1.3,55
KILL la KILL: IF – v1.01,144
Killer Instinct: Steam Edition,228
Killing Floor 2: Digital Deluxe Edition – v1090,182
King’s Quest: The Complete Collection (Chapters 1-5),62
Kingdom Come: Deliverance – v1.9.0-379 + 10 DLCs + OST,1768
Kingdoms of Amalur: Reckoning – v1.0.0.2 + All DLCs,218
Kona,73
Kursk – v1.03 + Bonus Content,29
L.A. Noire: The Complete Edition – v1.3.2617 + All DLCs,505
Lantern,6
Lara Croft GO + The Mirror of Spirits,147
Late Shift,94
Layers of Fear 2,32
LEGO City Undercover + Update 1,103
LEGO DC Super-Villains + 10 DLCs,111
"LEGO Marvel Super Heroes 2, v1.0.0.20065 +10 DLCs",300
"LEGO Star Wars: The Force Awakens, v1.03 (build 1.0.0.33084) + 12 DLCs",80
LEGO The Incredibles + DLC,58
LEGO Worlds,108
Legrand Legacy: Tale of the Fatebounds – v1.0.2,20
Liberty Prime,15
Life is Strange: Before the Storm – The Limited Edition,217
Little Nightmares: Complete Edition + OST + Wallpapers,185
Little Witch Academia: Chamber of Time,38
Livelock – v25031,25
Lords of the Fallen – v1.0/24706 GOG + All DLCs + Bonus Content,113
Lost Ember,49
Lost Sphear,78
Lucius III – v0.181214183905.a,51
Lust for Darkness – v20180617,56
Mad Max – v1.0.3.0 + All DLCs,903
Madden NFL 19: Hall of Fame Edition,353
Madden NFL 20 – v08.20.2019,159
Mafia 2: Digital Deluxe Edition v.1.0.0.1,325
Mafia 3: Digital Deluxe Edition – v1.09 GOG + 6 DLCs,2353
Mages of Mystralia,27
Maize,35
Man O’ War: Corsair – Warhammer Naval Battles – v1.4.2 + 2 DLCs,120
Mantis Burn Racing + 3 DLCs,167
Mark of the Ninja: Remastered,67
Mars 2030,43
Marvel vs. Capcom: Infinite – Deluxe Edition,386
Marvel’s Guardians of the Galaxy: The Telltale Series – Complete Season,91
Mary Skelter: Nightmares + 6 DLCs,48
Masquerada: Songs and Shadows – v1.10 GOG DRM-Free,28
Masquerade: The Baubles of Doom – v20160501,29
Mass Effect – v1.02 + 2 DLCs + Bonus Content,215
Mass Effect 2: Digital Deluxe Edition – v1.02 + DLC Bundle (All DLCs),230
Mass Effect: Andromeda – Super Deluxe Edition v1.10 + All DLCs,2615
Max Payne 3: Complete Edition – v1.0.0.216 + All DLCs,1335
MechWarrior 5: Mercenaries – v1.0.175,116
Mega Man 11,213
Mega Man X: Legacy Collection 1 + 2,75
Megadimension Neptunia VIIR + 14 DLCs,114
MegaTagmension Blanc + Neptune VS Zombies – Deluxe Edition – v1.01 (Update 1),34
Mekazoo,11
Metal Gear Rising: Revengeance + Update 2,162
Metal Gear Solid V: Ground Zeroes – v1.0.0.5 + CrackFix,174
Metal Gear Solid V: The Phantom Pain – v1.15 + All DLCs,1665
Metal Wolf Chaos XD – v1.02 + DLC,27
Metro Redux (2033 + Last Light) – GOG v2.0.0.2 + Update 7,251
Metro: Exodus – Gold Edition- v1.0.0.7 + All DLCs + Bonus Content,3512
Micro Machines: World Series,29
Middle-Earth: Shadow of Mordor – Game of the Year Edition – v1951.27 + all DLCs,444
Million Arthur: Arcana Blood – Limited Edition + Multiplayer,62
Minecraft: Story Mode – Complete Season (Episodes 1-8),68
Minecraft: Story Mode – Season 2: The Telltale Series – All Episodes (1-5),101
Miniature: The Story Puzzle,47
"Mirror’s Edge, GOG DRM-Free v1.0.1.0",98
Mirror’s Edge: Catalyst – v1.0.3.47248 + 2 DLC,270
Moero Chronicle: Deluxe Bundle – v1.0.06,108
Monkey King: Hero Is Back – Deluxe Edition + All DLCs,34
Monopoly Plus,83
Monster Energy Supercross: The Official Videogame,52
Monster Energy Supercross: The Official Videogame 2 + 7 DLCs,48
Monster Hunter World: Iceborne – Master Edition – v14.00.00/413161 + 214 DLCs,4137
Monster Jam: Steel Titans,45
Moons of Madness – v1.01 (4337769),114
Mordhau,443
Morels: The Hunt,33
Mortal Kombat XL,522
Mosaic – v1.1.8.75,20
Mother Russia Bleeds,26
MOTHERGUNSHIP,59
Moto Racer 4 – v1.5 + All DLCs + Multiplayer,72
MotoGP 14: Complete Edition – v1.001 + 4 DLCs,81
MotoGP 15 + All DLCs,35
MotoGP 17,60
MotoGP 18 + Multiplayer,72
MotoGP 19 + Historical Pack DLC,133
Motorsport Manager – v1.4.14933 + 4 DLC,144
Mr. Shifty,85
Murderous Pursuits + Multiplayer,92
Mutant Year Zero: Road to Eden – v1.07 + 2 DLCs,192
MX Nitro: Unleashed + DLC,48
MX vs. ATV All Out – v2.9.6 HotFix + 37 DLCs,167
MX vs. ATV Supercross Encore + 31 DLCs,57
MXGP 2019: The Official Motocross Videogame,39
MXGP Pro,37
MXGP3: The Official Motocross Videogame,56
My Friend Pedro: Blood Bullets Bananas,115
My Hero One’s Justice + 4 DLCs,141
My Memory of Us,31
My Time at Portia – v2.0.139521 + 8 DLCs,169
Narcos: Rise of the Cartel,36
NARUTO SHIPPUDEN Ultimate Ninja Storm 4 – v1.08 + 8 DLCs,1349
NARUTO SHIPPUDEN: Ultimate Ninja STORM 2,157
NARUTO SHIPPUDEN: Ultimate Ninja STORM 3 Full Burst HD,245
Naruto to Boruto: Shinobi Striker – v1.03.00,184
NARUTO: Ultimate Ninja STORM,191
NASCAR Heat 2,58
NASCAR Heat 3,35
NASCAR Heat 4: Gold Edition + 5 DLCs,103
NBA 2K Playgrounds 2 + All Star Update,125
NBA 2K17 + Update 1 [FIXED REPACK],589
NBA 2K18,360
NBA 2K19: 20th Anniversary Edition,493
"NBA 2K20 – v1.02 + Roster Update Sep 6, 2019",480
NBA Playgrounds – v1.4.0 + 2 DLCs,155
Need for Speed: Hot Pursuit – v1.0.5.0s + All DLCs,331
Need for Speed: Most Wanted – Limited Edition – v.1.5.0.0 + All DLCs,394
Need for Speed: Payback – Deluxe Edition – v1.0.51.15364 + All DLCs,1852
Nelke & the Legendary Alchemists + DLC,45
Neverwinter Nights: Enhanced Edition – v79.8193.9 + All DLCs,112
New Gundam Breaker + DLC,108
Ni no Kuni 2: Revenant Kingdom  – The Prince’s Edition – v4.00 + 7 DLCs,543
Ni no Kuni: Wrath of the White Witch – Remastered,227
NieR: Automata – Day One Edition + Update 1 + DLC,2268
Night in the Woods,73
Nights of Azure + Update 1,128
Nights of Azure 2: Bride of the New Moon,420
Nine Parchments – v1.1.0 (build 4719),29
Nioh: Complete Edition – v1.21,642
No70: Eye of Basir,32
Nobunaga’s Ambition: Sphere of Influence – Ascension + 9 DLCs,81
Obduction + Update 1 (Hot Fix),28
Observation – v1.16,118
Octopath Traveler + Update 1,194
Offroad Racing: Buggy X ATV X Moto,33
Okami HD + CrackFix,196
Omega Quintet + All DLCs,78
Omen of Sorrow,31
Omensight: Definitive Edition- v1.04,41
One Piece: Burning Blood – Gold Edition (All DLCs),142
One Piece: Unlimited World Red – Deluxe Edition,125
ONE PIECE: World Seeker – v1.4.0 + 17 DLCs,279
One Sole Purpose,64
Onimusha: Warlords,75
ONINAKI + DLC,113
Only After,49
Operencia: The Stolen Sun – Explorer’s Edition,32
Outcast: Second Contact,69
Outer Wilds – v1.0.1,44
Outlast 2,324
Outward – v2020.06.16 + 2 DLCs + Multiplayer,405
Overcooked! 2: Gourmet Edition + All DLCs,118
Overgrowth,34
OVERKILL’s The Walking Dead – v1.0.2 + 9 DLCs + Multiplayer + Updater,707
Overload,20
Paranoia: Happiness is Mandatory,25
Party Hard 2 – v1.0.007.r,27
Pathfinder: Kingmaker – Imperial Enhanced Edition – v2.0.1 HotFix + All DLCs,336
Pathologic 2 – v.Update 7 + DLC + Bonus,95
PayDay 2 – v1.95.895/Update 199.5.1 + 102 DLCs,279
Perception,24
Phantom Doctrine,39
Phoenix Point – v1.6 + 2 DLC + 3 Bonus OSTs,145
Phoenix Wright: Ace Attorney Trilogy + Bonus Content,55
Phoning Home + Update 1,232
Pillars of Eternity 2: Deadfire – v4.0.0.0034 + All DLCs,247
Pillars of Eternity: Definitive Edition,153
Pine,41
PixARK – v1.82 + 2 DLCs,135
Planescape: Torment – Enhanced Edition – v3.0.3.0,64
Planet Alpha,32
Planet Coaster – v1.6.2 + 6 DLCs,373
Planet Explorers,88
Porno Studio Tycoon – v1.2017.05.05,102
Portal Knights – v1.0.1 + 5 DLCs + Multiplayer,57
Prey: Digital Deluxe Edition – Build 10966486 (38551) GOG + 2 DLCs,1235
Prison Architect – r1723/”The Sneezer” Update + 3 DLCs,37
Pro Cycling Manager 2018 – v1.0.1.2 + Stage Editor,45
Pro Cycling Manager 2019 – v1.0.2.3 + WorldDB Mod v0.2,61
Pro Cycling Manager Season 2017,65
Pro Evolution Soccer 2017 – v1.01.00,410
Pro Evolution Soccer 2018 – v1.0.5.00 + Data Pack 4.0,710
Pro Evolution Soccer 2019 – v1.02.00 + Data Pack 2.00 + All Commentaries,621
Project CARS 2 – v6.0.0.0.1056 + 5 DLCs + Multiplayer,777
"Project CARS: Game of the Year Edition, v11.2 + All DLCs",148
Project Nimbus: Complete Edition – v1.02,95
Puyo Puyo Tetris + Update 4,100
"Q.U.B.E. 2, v1.8 + 3 DLCs + Soundtrack",134
Quantum Break – Live Series Offline Add-on,162
Quantum Break: Steam Edition – v1.0.126.0307,394
Quantum Replica,11
RAD + DLC,41
Rad Rodgers: Radical Edition,29
RAGE 2: Deluxe Edition – v1.09 + All DLCs and Expansions,2201
RAID: World War II + v15.1 + DLCs,132
Raiders of the Broken Planet Bundle,54
Railroad Corporation – v1.1.8526,30
Railway Empire – v1.13.0.25785 + 9 DLCs,137
Raw Footage,24
Reaching for Petals,18
Realms of Arkania: Star Trail,16
Rebel Cops – v1.0.7.0,37
Rebel Galaxy Outlaw – v1.02,77
Record of Agarest War: Mariage – Deluxe Bundle,43
ReCore: Definitive Edition – Steam Build 911/213/2250180,332
Red Faction Guerrilla Re-Mars-tered – v1.0 cs:4450 (Update 7),130
Red Faction: Guerrilla – Steam Edition,134
Redeemer: Enhanced Edition + HotFix,56
Redout,37
Regalia: Of Men and Monarchs – v1.02,31
Remnant: From the Ashes – Build 234869 + 9 DLCs + Multiplayer,1178
Renoir,13
Republique Remastered,68
Reservoir Dogs: Bloody Days + Update 1,26
RESIDENT EVIL 2: Deluxe Edition – v20191218/Update 5 + 12 DLCs,3193
Resident Evil 4: Ultimate HD Edition – v1.1.0 + Unlocker,364
Resident Evil 6 – v1.10/1.06 + All DLCs + Multiplayer,200
Resident Evil 7: Biohazard – Gold Edition – v1.03u5 + 12 DLCs,1934
Resonance of Fate – 4K/HD Edition,148
RIDE 2 + 2 DLC,118
RIDE 3 – “Complete the Set” Bundle + 3 DLCs,116
RiME – v1.01,144
Rise of the Tomb Raider: 20 Year Celebration – v1.0.820.0_64 + All DLCs,239
River City Girls,47
Road Redemption,136
Rock of Ages 2: Bigger & Boulder – v1.02 + 2 DLCs,65
Rocket League – v1.75 + 36 DLCs  + Offline Unlocker,556
Rocketbirds 2: Evolution,61
Rogue Slash,11
Rogue Trooper Redux,51
RollerCoaster Tycoon World – v61951,38
Romancing SaGa 3,32
RUINER v1.06,70
Rune II – v1.0.919 + Server + Bonus Content,140
Runner Heroes: The Curse of Night & Day,28
Rush: A Disney-Pixar Adventure,100
S.W.I.N.E. HD Remaster – v1.1.1622 GOG + Bonus Content,32
SaGa SCARLET GRACE: Ambitions,56
Sail and Sacrifice + Hotfix,38
Saints Row IV: Game of the Century Edition – v.U22 Steam/v20170523_12199 GOG,234
Samurai Warriors: Spirit of Sanada + DLC,95
SD Gundam: G Generation – Cross Rays + Update 1 + 7/32 DLCs,324
Sea of Solitude,57
Seasons after Fall,32
Secret of Mana: Day-1 Edition + 2 DLCs,71
Sekiro: Shadows Die Twice – v1.02 + Bonus Content,2326
SENRAN KAGURA Bon Appetit! – Full Course – v1.01.05,51
SENRAN KAGURA Burst Re:Newal – Tailor-Made Limited Edition,75
Senran Kagura Estival Versus + 13 DLCs,171
SENRAN KAGURA Peach Ball + 4 DLCs,88
SENRAN KAGURA Peach Beach Splash – v1.01 + 28 DLCs,180
SENRAN KAGURA Reflexions + 20 DLCs,138
Serious Sam HD: The Second Encounter – Build 263699 + All DLCs,58
Seven: Enhanced Collector’s Edition – v1.3.2 + Bonus Content,64
Shadow of the Tomb Raider: Croft Edition – v1.0.292.0_64 + All DLCs,2187
Shadow Tactics: Blades of the Shogun – v1.1.2.f,105
"Shadow Warrior 2: Deluxe Edition, v1.11.1.0 + 9 DLCs",408
Shadows: Awakening – v1.1,167
Shaolin vs Wutang,49
Shenmue I & II,122
Shenmue III – v1.05.03 + 5 DLCs,168
Sherlock Holmes: Crimes and Punishments – v76408 + ArtBook,61
Sherlock Holmes: The Devil’s Daughter,123
Shift Happens,89
Shiness: The Lightning Kingdom – v1.01 + Maherian Language Pack DLC,62
Shining Resonance Refrain – v1.00.1618,112
Shiny,24
Shock Tactics + HotFix,32
ShockRods,29
Sid Meier’s Civilization 6 – v1.0.1.501 + 12 DLCs + Bonus OST,1131
Siege of Centauri – v1.00.66518,14
Silence: The Whispered World 2 – v1.1.20227,20
Silver Chains,21
Sine Mora EX,30
SINNER: Sacrifice for Redemption,150
Skylar & Plux: Adventure On Clover Island,12
Sleeping Dogs: Definitive + Limited Editions Pack (24/30 DLCs),382
"Slice, Dice & Rice",26
Snake Pass,32
Sniper Elite 3 – v1.15a + All DLCs + Multiplayer,231
Sniper Elite 4: Deluxe Edition – v1.5.0 + All DLCs + Multiplayer + Dedicated Server,950
Sniper Elite V2 – v1.13 + 5 DLCs,56
Sniper Elite V2 Remastered,117
"Sniper: Ghost Warrior 3 – Season Pass Edition, v1.8 + All DLCs",669
Sniper: Ghost Warrior Contracts + Update 1 + 9 DLCs,185
Snooker 19 – v1.1,44
SolSeraph,26
Solstice Chronicles: MIA + HotFix,30
Sonic Forces – v1.04.79 + 6 DLCs,189
Sonic Mania Plus – v1.05.0713 + Encore DLC,211
Sorcerer King: Rivals,24
SoulCalibur VI – v02.05.00 + 8 DLCs,636
South Park: The Fractured But Whole – Gold Edition + All DLCs,580
"Space Hulk: Deathwing – Enhanced Edition, v2.42 + 3 DLC",134
Space Hulk: Tactics,41
Space Rogue – v1.45.7805_124240,25
Spec Ops: The Line + 2 DLC + Multiplayer,219
SpellForce 3 – v1.01/Update 2,108
SpellForce 3: Soul Harvest,77
Spider-Man: Shattered Dimensions (Steam),120
Spintires: MudRunner – v18.10.18 + 3 DLCs,53
Spintires: The Original Game – v1.4.0 + 3 DLCs,30
SPORE Collection – GOG DRM-free,94
Spyro Reignited Trilogy,258
Star Control: Origins – v1.01.53103,80
Star Ocean: The Last Hope – 4K & Full HD Remaster,140
Star Wars Jedi: Fallen Order: Deluxe Edition – v1.02,3359
Star Wars: Battlefront II – v06.11.2019,1162
Starpoint Gemini: Warlords – v2.030.0 HotFix + 5 DLCs,206
State of Decay 2: Juggernaut Edition – Build 384867/Update 15 + All DLCs + Multiplayer,2694
State of Mind,27
Steel Division 2 – v21313 + 2 DLCs,79
Steel Division: Normandy 44 – Build 80629,105
Steel Rats + DLC,57
STEINS;GATE – Steam HD Edition,60
Steins;Gate 0,51
Steins;Gate Elite,173
STEINS;GATE: Linear Bounded Phenogram,15
STEINS;GATE: My Darling’s Embrace,26
Stellaris: Galaxy Edition – v2.6.0 (6a97)/Verne Update + 19 DLCs,396
Strange Brigade: Deluxe Edition – v1.47.22.14 + 10 DLCs + Multiplayer,215
Stranglehold – v1.1 GOG/31068,85
Street Fighter 30th Anniversary Collection,96
Street Fighter V: Champion Edition – v5.014 + 56 DLCs,833
Strike Vector EX,32
Sturmwind EX,29
Styx: Shards of Darkness – v1.05 + DLC,192
Subnautica – v59783/Release,176
Sudden Strike 4: Day One Edition – v1.12.28520 + 4 DLCs,226
Sunset Overdrive,626
Super Dragon Ball Heroes: World Mission + 3 DLCs + Multiplayer,142
Super Lucky’s Tale + DLC,141
Super Monkey Ball: Banana Blitz HD + Controller Fix,33
Super Neptunia RPG: Deluxe Edition – v20190807 + 13 DLCs,123
Super Robot Wars V + 2 DLCs,121
Super Robot Wars X + Early Purchase Bonus + Real Singing Song Pack,60
Superdimension Neptune VS Sega Hard Girls + All DLCs + Bonus Content,48
Superliminal – v1.0.2019.11.12.1005,21
Surviving Mars – v05.16.2019/Armstrong Update + All DLCs,105
Sword Art Online RE: Hollow Fragment + Multiplayer,170
Sword Art Online: Fatal Bullet – v1.7.0 + All DLCs,403
Sword Art Online: Hollow Realization – Deluxe Edition,582
Sword Art Online: Lost Song,153
Syberia 3: Digital Deluxe Edition – v3.0 + DLC,209
Syndrome v1.03f,65
Syrian Warfare – v1.2.0.43/1.3.0.19 + 2 DLCs,207
Tacoma,39
Take On Mars – v1.0.0001,71
Tale of Wuxia: The Pre-Sequel + HotFix v1.0.0.1,39
Tales from the Borderlands: Episodes 1-5,112
Tales of Berseria – v1.48.00#193 + 12 DLCs,421
Tales of Vesperia: Definitive Edition + 2 DLCs,133
TASTEE: Lethal Tactics + 3 DLCs,26
TEKKEN 7: Ultimate Edition + v2.21 + All DLCs,1121
Telling Lies,94
Terminator: Resistance,176
Tetris Effect,59
The Apartment,23
The Banner Saga 2 – v2.61.02 GOG,16
The Banner Saga 3 + All DLCs,19
The Bard’s Tale IV: Barrows Deep,57
The Bard’s Tale IV: Director’s Cut,57
The Beast Inside,76
The Blackout Club,38
The Bunker,28
The Butterfly Sign – v1.1.2/Update 5,42
The Conjuring House – v1.0.2,100
The Council: Complete Season (Episodes 1-5),97
The Dark Pictures Anthology: Man of Medan + DLC + Videos Fix + Online Co-Op,632
The Descendant: Full Season (Episodes 1-5),45
The Dwarves – v1.1.2.57,39
The Elder Scrolls: Skyrim – Special Edition – v1.5.97.0 + Creation Club Content,2431
"The Evil Within 2, v1.05 + DLC + Bethesda.net Bonuses",787
The Evil Within: Complete Edition (Update 10 + All DLCs),112
The Fidelio Incident,69
The Forbidden Arts – v1.0.1.0,16
The Free Ones,55
The Golf Club 2,31
The Golf Club 2019 featuring PGA TOUR,32
The Hong Kong Massacre,36
The King of Fighters XIV: Steam Edition – v1.19 + 2 DLCs,258
The Legend of Heroes: Trails in the Sky the 3rd + HotFix,52
The Legend of Heroes: Trails of Cold Steel + 18 DLCs,348
The Legend of Heroes: Trails of Cold Steel 2 + 13 DLCs,242
The Legend of Zelda: Breath of the Wild – v1.5.0/v208 + DLC 3.0 Pack + Cemu v1.15.10,2008
The LEGO Movie 2 Videogame + Prophecy Pack DLC,71
The LEGO Ninjago Movie – Video Game,88
The Light Keeps Us Safe – v1.0,18
"The Long Dark, v1.16.33814",82
The Long Journey Home,43
The Occupation,71
The Outer Worlds,953
The Painscreek Killings,41
The Piano v1.0d.1 fixed,16
The Raven Remastered: Digital Deluxe Edition,67
The Saboteur – GOG DRM-Free,89
The Sexy Brutale,69
The Sims 3: Complete Edition – v1.67.2.024037 + All Add-ons & Content Store Items,509
The Sims 4: Deluxe Edition – v1.63.134.1020/1520 + All DLCs & Add-ons,17354
The Sinking City: Necronomicon Edition – v3757.2 + 2 DLCs,147
The Spectrum Retreat,25
The Story of Henry Bishop,25
The Surge 2 – v1.09/Update 5 + 6 DLCs,429
The Surge: Complete Edition – ver.42854 (SVN) + 5 DLCs,602
The Talos Principle – v326589 + All DLCs,311
The Uncertain: Episode 1 – The Last Quiet Day,21
The Walking Dead: A New Frontier – Complete Season,208
"The Walking Dead: The Final Season (All Episodes, 1-4)",176
The Walking Dead: The Telltale Definitive Series,207
"The Witcher 2: Assassins of Kings – Enhanced Edition, v3.4.4.1 + Bonus Content",357
The Witcher 3: Wild Hunt – Game of the Year Edition v1.31/v1.32 + HD Mod,2474
The Witcher: Enhanced Edition – Director’s Cut – v1.5 GOG + All “DLCs”,194
theHunter: Call of the Wild – v1859364 + 28 DLCs,480
Thief of Thieves: Season One – Volumes 1 & 2 (out of 4),30
Thief Simulator – v1.2b,42
This Is the Police 2,47
This War of Mine: Final Cut – v6.0.7 + All DLCs + OST,207
"Thronebreaker: The Witcher Tales, v1.0.2.12",92
Through the Woods + HotFix,38
Titan Quest: Anniversary Edition – v2.3.0 + 2 DLCs,257
Titanfall 2 – v2.0.7.0,784
Tokyo 42 + Hotfix v1.0.1,33
Tokyo Warfare Turbo + 2 DLCs,36
Tokyo Xanadu eX+,62
"Tom Clancy’s Ghost Recon: Wildlands – Ultimate Edition, Build 4073014 + All DLCs",3573
Tom Clancy’s Rainbow Six: Siege – Complete Edition – v2.3.2 + All DLCs,616
Tom Clancy’s Splinter Cell: Blacklist – Digital Deluxe Edition v1.03 + 2 DLCs,277
Torment: Tides of Numenera – v1.0.1 + 4 DLCs,163
Total War: Rome 2 – Emperor Edition – v2.4.0.19534 + 17 DLCs + Multiplayer,405
Total War: Three Kingdoms – v1.1.0 + 2 DLCs,506
Total War: WARHAMMER – v1.6.0 + 12 DLCs + Multiplayer,403
Total War: WARHAMMER 2 – v1.9.2 + All DLCs,1214
Toukiden 2 – v1.0.1 + All DLCs,291
Tower of Time: Final Edition,62
Trailmakers – v1.0.2,62
Train Sim World 2020 – Build 550/4667268 (02.13.2020) + 22 DLCs,267
Transference,61
Transformers: Fall of Cybertron + 3 DLCs,86
Transport Fever – Build 11908,42
Transport Fever 2 – Build 29416,80
Travis Strikes Again: No More Heroes – Complete Edition,21
Trillion: God of Destruction + Deluxe Pack DLC,45
Trine 4: The Nightmare Prince – v511094/Update 1 + DLC + Multiplayer,97
Troll and I + Update 2,88
Tropico 6: El Prez Edition – v.10 (97) + 3 DLCs,229
Trover Saves the Universe,49
TT Isle of Man: Ride on the Edge – Day One Edition + Multiplayer,95
Two Point Hospital – v1.19.49336 + 9 DLCs,261
Two Worlds II HD – v2.07 + All DLCs,90
Tyler: Model 005,46
Typical Nightmare,21
Tyranny: Overlord Edition – v1.2.0.0079 + 5 DLCs,176
Ultimate Epic Battle Simulator,51
Ultimate Marvel vs. Capcom 3,149
Unbox: Newbie’s Adventure,35
UNDER NIGHT IN-BIRTH Exe:Late[cl-r] + All DLCs & OST,49
UnderRail + Expedition DLC – v1.1.1.3,33
Underworld Ascendant – v1.02 + 3 DLCs,112
Unity of Command II,32
Unravel,160
Unravel Two – v1.0.0.47008,263
Urban Trial Playground,15
V-Rally 4: Day One Edition + DLC,57
Valfaris,27
Valkyria Chronicles 4 – v1.03 + 5 DLCs,240
Vampyr,534
Vanquish,142
Vaporum,67
Victor Vran: Overkill Edition – v2.07 + Update June 7th + All DLCs,82
Vikings: Wolves of Midgard,129
Virginia,18
Viscera Cleanup Detail – v1.092 + House of Horror DLC,160
War for the Overworld: Ultimate Edition – v2.0.7 + All DLCs,25
"Warhammer 40,000: Dawn of War 3 – v4.0.0.16278 + PreOrder Bonus",128
"Warhammer 40,000: Gladius – Relics of War – v1.0.2 + DLC + Multiplayer",43
"Warhammer 40,000: Mechanicus – Omnissiah Edition – v1.3.0 + Heretek DLC",54
Warhammer: Chaosbane – Deluxe Edition – Build 27.02.2020 + 11 DLCs,185
Warriors All-Stars + 27 DLCs,124
Warriors Orochi 4: Ultimate Deluxe Edition – v1.0.0.7 + 70 DLCs,580
Wartile,24
Watch Dogs 2: Gold Edition – v1.17 + All DLCs + Bonus Content,1411
We Happy Few – v1.9.88874 + All DLCs,291
We. The Revolution – v1.0.0,134
Weedcraft Inc – v1.02,92
White Day: A Labyrinth Named School – v1.03 + 30 DLCs,89
Widower’s Sky,22
Winter Is Coming,361
Wolfenstein II: The New Colossus + Update 10 + 5 DLCs,1801
Wolfenstein: Youngblood – Deluxe Edition – v1.0.3 + 3 DLCs,741
World of Final Fantasy: Day One Edition + MAXIMA Upgrade,258
World to the West,23
World War Z: Game of the Year Edition – v1.70 (v1.20 Title Update) + All DLCs,1147
Worms W.M.D. + All-Stars DLC + Wormhole Update,44
WRC 6 FIA World Rally Championship – v1.0.53 + DLC + Multiplayer,150
WRC 7 FIA World Rally Championship – v1.4 + Porsche DLC,163
WRC 8 FIA World Rally Championship,149
Wreckfest – v1.262227 + DLCs,436
WWE 2K17: Digital Deluxe Edition + 6 DLC + Update 1,516
WWE 2K18 + 4 DLCs,654
WWE 2K19: Digital Deluxe Edition + 4 DLCs,1170
WWE 2K20: Digital Deluxe Edition – v1.08 + 7 DLCs,1081
X Rebirth – v4.10 + 2 DLCs,56
X4: Foundations – v3.00 + 2 DLCs,234
XCOM 2: Digital Deluxe Edition – v20181009/Update 12 + 7 DLCs + Long War 2 v1.5hf,857
Xenon Racer,29
Yaga – v1.0.80,13
Yakuza Kiwami 2 + Clan Creator Bundle DLC,370
Yakuza Ø + Update 2,408
Yesterday Origins + Update 1,49
Yooka-Laylee + 64-Bit Tonic Update + Bonus,79
Yooka-Laylee and the Impossible Lair + Not So Impossible Lair Update + DLC + Bonus Content,60
Youtubers Life,285
Ys VIII: Lacrimosa of Dana – v20200119 HotFix + HQ Texture Pack + All DLCs,208
Yu-Gi-Oh! Legacy of the Duelist + 18 DLCs + Multiplayer,257
ZED,55
Zenith,0
ZOMBI v1.1,200
Zombieland: Double Tap – Road Trip,14
Zone of the Enders: The 2nd Runner – MARS + DLC,29
Zoo Tycoon: Ultimate Animal Collection,206
