The Sims 4: Deluxe Edition  v1.63.134.1020/1520 + All DLCs & Add-ons, 17354
Forza Horizon 4: Ultimate Edition  v1.380.112.2 + All DLCs, 12656
Assassins Creed: Odyssey  Ultimate Edition  v1.5.3 + All DLCs, 11745
Grand Theft Auto V / GTA 5  v1.0.1868/1.50 Online, 11060
Assassins Creed: Origins  v1.5.1 + All DLCs, 8131
Far Cry 5: Gold Edition  v1.011 + 5 DLCs, 5685
Forza Horizon 3  v1.0.119.1002 + 44 DLCs, 4137
Monster Hunter World: Iceborne  Master Edition  v14.00.00/413161 + 214 DLCs, 4137
Devil May Cry 5: Deluxe Edition  v02062020/3853173 + 30 DLCs, 3730
"Tom Clancys Ghost Recon: Wildlands  Ultimate Edition,  Build 4073014 + All DLCs", 3573
Metro: Exodus  Gold Edition- v1.0.0.7 + All DLCs + Bonus Content, 3512
Final Fantasy XV: Windows Edition  v1261414 + All DLCs + Multiplayer + 4K Videos + HD Textures, 3492
Star Wars Jedi: Fallen Order: Deluxe Edition  v1.02, 3359
RESIDENT EVIL 2: Deluxe Edition  v20191218/Update 5 + 12 DLCs, 3193
State of Decay 2: Juggernaut Edition  Build 384867/Update 15 + All DLCs + Multiplayer, 2694
Mass Effect: Andromeda  Super Deluxe Edition v1.10 + All DLCs, 2615
"Far Cry: New Dawn  Deluxe Edition,  v1.0.5+ All DLCs + HD Texture Pack", 2599
The Witcher 3: Wild Hunt  Game of the Year Edition v1.31/v1.32 + HD Mod, 2474
The Elder Scrolls: Skyrim  Special Edition  v1.5.97.0 + Creation Club Content, 2431
Call of Duty: Black Ops 3  v100.0.0.0 + All DLCs, 2420
Borderlands 3 + Update 3, 2409
Grand Theft Auto IV: The Complete Edition  v1.2.0.32 + Radio Downgrader + Vanilla Fixes v1.3 ModPack, 2397
Mafia 3: Digital Deluxe Edition  v1.09 GOG + 6 DLCs, 2353
Sekiro: Shadows Die Twice  v1.02 + Bonus Content, 2326
NieR: Automata  Day One Edition + Update 1 + DLC, 2268
HITMAN 2: Gold Edition  v2.70.1 + All DLCs, 2257
Dying Light: The Following  Enhanced Edition  v1.23.0 + All DLCs + DevTools + Multiplayer, 2227
RAGE 2: Deluxe Edition  v1.09 + All DLCs and Expansions, 2201
Just Cause 4: Day One Edition + 5 DLCs, 2190
Shadow of the Tomb Raider: Croft Edition  v1.0.292.0_64 + All DLCs, 2187
The Legend of Zelda: Breath of the Wild  v1.5.0/v208 + DLC 3.0 Pack + Cemu v1.15.10, 2008
Resident Evil 7: Biohazard  Gold Edition  v1.03u5 + 12 DLCs, 1934
Forza Motorsport 7: Ultimate Edition  v1.130.1736.2 + All DLCs, 1895
Need for Speed: Payback  Deluxe Edition  v1.0.51.15364 + All DLCs, 1852
Halo: The Master Chief Collection (4 games)  v1.1698.0.0 + HR Content Pack 2 DLC, 1818
Wolfenstein II: The New Colossus + Update 10 + 5 DLCs, 1801
Call of Duty: Black Ops 2 + 36 DLCs + MP with Bots + Zombie Mode, 1781
Kingdom Come: Deliverance  v1.9.0-379 + 10 DLCs + OST, 1768
JUMP FORCE: Ultimate Edition  v2.00 + All DLCs, 1760
Call of Duty: WWII  Build 7831931 + All DLCs + Multiplayer + Zombies, 1725
Dragon Ball FighterZ  v1.18 + 26 DLCs + Multiplayer, 1709
Metal Gear Solid V: The Phantom Pain  v1.15 + All DLCs, 1665
Battlefield 1: Digital Deluxe Edition  Update 3 + 3 DLC, 1649
Fallout 4  v1.10.138.0.0 + 7 DLCs, 1448
FIFA 17, 1442
CONTROL  v1.09 + DLC, 1437
FIFA 19 + Update 4 + Squad Update 11.30.2018 [Monkey & Turtle Repacks], 1414
Watch Dogs 2: Gold Edition  v1.17 + All DLCs + Bonus Content, 1411
Injustice 2: Legendary Edition  v.Update 12 + All DLCs, 1391
FIFA 18 + Update 2, 1352
NARUTO SHIPPUDEN Ultimate Ninja Storm 4  v1.08 + 8 DLCs, 1349
Code Vein  v1.01.86038 + 4 DLCs + Multiplayer, 1345
Max Payne 3: Complete Edition  v1.0.0.216 + All DLCs, 1335
Gears of War 4 + Multiplayer with Bots, 1263
Far Cry 4: Gold Edition  v1.10 + All DLCs, 1255
Just Cause 3: XL Edition  v1.05 + All DLCs, 1251
Prey: Digital Deluxe Edition  Build 10966486 (38551) GOG + 2 DLCs, 1235
Total War: WARHAMMER 2  v1.9.2 + All DLCs, 1214
Remnant: From the Ashes  Build 234869 + 9 DLCs + Multiplayer, 1178
WWE 2K19: Digital Deluxe Edition + 4 DLCs, 1170
Star Wars: Battlefront II  v06.11.2019, 1162
ARK: Survival Evolved  v311.74 + 9 DLCs, 1156
World War Z: Game of the Year Edition  v1.70 (v1.20 Title Update) + All DLCs, 1147
Arma 3: Apex  v1.98.146303 + All DLCs + Multiplayer, 1140
Sid Meiers Civilization 6  v1.0.1.501 + 12 DLCs + Bonus OST, 1131
TEKKEN 7: Ultimate Edition + v2.21 + All DLCs, 1121
Call of Duty: WWII  Multiplayer + Nazi Zombies Add-on, 1090
WWE 2K20: Digital Deluxe Edition  v1.08 + 7 DLCs, 1081
Assassins Creed: Unity  v1.5.0 + All DLCs, 1070
Gears 5  v1.1.15.0 (7233072) + Ultra-HD Texture Pack, 1025
Dishonored 2  v1.77.9 + DLC + Bethesda.net Bonus, 1017
Batman: Arkham Knight  Premium Edition  v1.6.2.0 + All DLCs, 1016
Battlefield V  v1.04 build 3891220, 1005
"Conan Exiles  v230672/25565 (Jun 21,  2020) + All DLCs", 999
Dragon Quest XI: Echoes of an Elusive Age  Digital Edition of Light + CrackFix, 962
Divinity: Original Sin 2  Definitive Edition v3.6.58.1306 + Classic Edition v3.0.226.993 + DLC + Bonus Content, 953
The Outer Worlds, 953
Sniper Elite 4: Deluxe Edition  v1.5.0 + All DLCs + Multiplayer + Dedicated Server, 950
Mad Max  v1.0.3.0 + All DLCs, 903
Far Cry: Primal  Apex Edition  v1.3.3 + All DLCs + Ultra HD Textures, 893
Assassins Creed: Syndicate  Gold Edition  v1.51 + All DLCs, 889
Call of Duty: Black Ops + All DLCs + Zombies + Multiplayer, 880
Dragon Ball: Xenoverse 2  v1.09.00 + 12 DLCs, 880
Euro Truck Simulator 2  v1.37.1.0s + 71 DLCs, 874
XCOM 2: Digital Deluxe Edition  v20181009/Update 12 + 7 DLCs + Long War 2 v1.5hf, 857
Street Fighter V: Champion Edition  v5.014 + 56 DLCs, 833
Dead Rising 4 + Update 4 + 8 DLCs, 808
Assassins Creed 3: Remastered + Day 1 Patch + All DLCs + AC Liberation, 800
"The Evil Within 2,  v1.05 + DLC + Bethesda.net Bonuses", 787
Titanfall 2  v2.0.7.0, 784
Project CARS 2  v6.0.0.0.1056 + 5 DLCs + Multiplayer, 777
Call of Duty: Infinite Warfare  Digital Deluxe Edition, 765
Assassins Creed IV: Black Flag  Jackdaw Edition, 756
Battlefield 4: Premium Edition  v179547 + All DLCs + Multiplayer, 754
Wolfenstein: Youngblood  Deluxe Edition  v1.0.3 + 3 DLCs, 741
God Eater 3  v2.50 + All DLCs + Multiplayer, 734
Pro Evolution Soccer 2018  v1.0.5.00 + Data Pack 4.0, 710
OVERKILLs The Walking Dead  v1.0.2 + 9 DLCs + Multiplayer + Updater, 707
Call of Duty: Modern Warfare  Remastered + Update 2, 690
"Sniper: Ghost Warrior 3  Season Pass Edition,  v1.8 + All DLCs", 669
Age of Empires: Definitive Edition  Build 38862/Steam, 668
WWE 2K18 + 4 DLCs, 654
Nioh: Complete Edition  v1.21, 642
SoulCalibur VI  v02.05.00 + 8 DLCs, 636
Honey Select + 3 DLCs, 633
The Dark Pictures Anthology: Man of Medan + DLC + Videos Fix + Online Co-Op, 632
Sunset Overdrive, 626
Pro Evolution Soccer 2019  v1.02.00 + Data Pack 2.00 + All Commentaries, 621
Tom Clancys Rainbow Six: Siege  Complete Edition  v2.3.2 + All DLCs, 616
Hitman: Game of the Year Edition  v1.13.2, 614
Attack on Titan 2: Final Battle + All DLCs, 612
Cricket 19  v1300, 610
The Surge: Complete Edition  ver.42854 (SVN) + 5 DLCs, 602
NBA 2K17 + Update 1 [FIXED REPACK], 589
Sword Art Online: Hollow Realization  Deluxe Edition, 582
South Park: The Fractured But Whole  Gold Edition + All DLCs, 580
Warriors Orochi 4: Ultimate Deluxe Edition  v1.0.0.7 + 70 DLCs, 580
Call of Duty: Modern Warfare 2 + 2 DLC, 558
Dead or Alive 6  v1.20 + 75 DLCs, 557
Rocket League  v1.75 + 36 DLCs  + Offline Unlocker, 556
Ni no Kuni 2: Revenant Kingdom   The Princes Edition  v4.00 + 7 DLCs, 543
Vampyr, 534
Mortal Kombat XL, 522
Darksiders III  v203415_PK1_PK2 + 3 DLCs, 521
WWE 2K17: Digital Deluxe Edition + 6 DLC + Update 1, 516
Grim Dawn  v1.1.5.0 + 7 DLCs + Multiplayer, 512
The Sims 3: Complete Edition  v1.67.2.024037 + All Add-ons & Content Store Items, 509
Total War: Three Kingdoms  v1.1.0 + 2 DLCs, 506
L.A. Noire: The Complete Edition  v1.3.2617 + All DLCs, 505
Heavy Rain  Build 5187887, 495
NBA 2K19: 20th Anniversary Edition, 493
A Plague Tale: Innocence + Coats of Arms DLC, 485
"NBA 2K20  v1.02 + Roster Update Sep 6,  2019", 480
theHunter: Call of the Wild  v1859364 + 28 DLCs, 480
Homefront: The Revolution  Freedom Fighter Bundle  v1.0781467(dcb0) + All DLCs, 479
Generation Zero  v1814208 (Anniversary Update) + 8 DLCs + Multiplayer, 477
A Way Out  v1.0.62, 470
Football Manager 2019  v19.1.1 + Multiplayer, 468
BioShock Infinite: The Complete Edition, 460
Crash Bandicoot N. Sane Trilogy, 452
Hellblade: Senuas Sacrifice, 452
GRID: Ultimate Edition  v1.0.118.9362 + 8 DLCs, 447
Halo Wars 2: Complete Edition  Build 1130815 + All DLCs, 445
"Jurassic World: Evolution  Digital Deluxe Edition,  v1.4.3 + 2 DLCs", 445
Ace Combat 7: Skies Unknown  v1.0.1 (Monkey Repack), 444
Middle-Earth: Shadow of Mordor  Game of the Year Edition  v1951.27 + all DLCs, 444
Mordhau, 443
Far Cry 3: Digital Deluxe Edition + Blood Dragon   v1.05/v1.02 + All DLCs, 440
Wreckfest  v1.262227 + DLCs, 436
The Surge 2  v1.09/Update 5 + 6 DLCs, 429
Borderlands 2: Remastered + All DLCs, 423
Tales of Berseria  v1.48.00#193 + 12 DLCs, 421
Dark Souls 3- v1.15 + 2 DLCs, 420
Nights of Azure 2: Bride of the New Moon, 420
Age of Empires II: Definitive Edition  Build 36906 + Enhanced Graphics Pack, 419
GreedFall + DLC, 417
Pro Evolution Soccer 2017  v1.01.00, 410
Agents of Mayhem  v1.06 + All DLCs, 408
"Shadow Warrior 2: Deluxe Edition,  v1.11.1.0 + 9 DLCs", 408
Yakuza  + Update 2, 408
Outward  v2020.06.16 + 2 DLCs + Multiplayer, 405
Total War: Rome 2  Emperor Edition  v2.4.0.19534 + 17 DLCs + Multiplayer, 405
Sword Art Online: Fatal Bullet  v1.7.0 + All DLCs, 403
Total War: WARHAMMER  v1.6.0 + 12 DLCs + Multiplayer, 403
Call of Duty: Modern Warfare 3  v1.9.461 + All DLCs, 401
Stellaris: Galaxy Edition  v2.6.0 (6a97)/Verne Update + 19 DLCs, 396
Need for Speed: Most Wanted  Limited Edition  v.1.5.0.0 + All DLCs, 394
Quantum Break: Steam Edition  v1.0.126.0307, 394
DOOM  Final Repack (v6.66/Update 9), 387
Marvel vs. Capcom: Infinite  Deluxe Edition, 386
Dishonored: Death of the Outsider  v1.145, 385
Gears of War: Ultimate Edition  v1.10, 385
Sleeping Dogs: Definitive + Limited Editions Pack (24/30 DLCs), 382
Cuphead  v1.2 + Bonus OST, 373
Planet Coaster  v1.6.2 + 6 DLCs, 373
Yakuza Kiwami 2 + Clan Creator Bundle DLC, 370
Assetto Corsa  v1.14.1 + 10 DLC, 366
Resident Evil 4: Ultimate HD Edition  v1.1.0 + Unlocker, 364
Winter Is Coming, 361
NBA 2K18, 360
"The Witcher 2: Assassins of Kings  Enhanced Edition,  v3.4.4.1 + Bonus Content", 357
Madden NFL 19: Hall of Fame Edition, 353
Gold Rush: The Game  Parkers Edition  v1.5.4.12210 + 2 DLCs, 351
The Legend of Heroes: Trails of Cold Steel + 18 DLCs, 348
Dragon Age: Inquisition  Digital Deluxe Edition  v1.11 + All DLCs, 336
Pathfinder: Kingmaker  Imperial Enhanced Edition  v2.0.1 HotFix + All DLCs, 336
Fallout: New Vegas  Ultimate Edition  v1.4.0.525 GOG, 335
ReCore: Definitive Edition  Steam Build 911/213/2250180, 332
Borderlands: Game of The Year Enhanced + Multiplayer, 331
Need for Speed: Hot Pursuit  v1.0.5.0s + All DLCs, 331
Dark Souls Remastered, 328
F1 2018: Headline Edition  v1.16 + DLC, 327
Mafia 2: Digital Deluxe Edition v.1.0.0.1, 325
Outlast 2, 324
SD Gundam: G Generation  Cross Rays + Update 1 + 7/32 DLCs, 324
Ancestors: The Humankind Odyssey  v1.4, 322
DiRT Rally 2.0: Game of the Year Edition  v1.13 + All DLCs, 322
Dragon Quest Builders 2  v1.7.3 + DLC, 318
God Eater: Resurrection, 316
"Bloodstained: Ritual of the Night,  v05.07.2020 (Zangetsu/Randomizer)+ DLC", 315
The Talos Principle  v326589 + All DLCs, 311
F1 2017  v1.13 + DLC, 307
American Truck Simulator  v1.38.1.1s + 27 DLCs, 301
Fallout 4: High Resolution Texture Pack  for v1.9.4.0.1 and above, 300
"LEGO Marvel Super Heroes 2,  v1.0.0.20065 +10 DLCs", 300
Dissidia Final Fantasy NT: Deluxe Edition + 110 DLCs + SP + MP, 296
"Frostpunk,  v1.5.0 + 2 DLCs + Bonus", 296
Atelier Ryza: Ever Darkness & The Secret Hideout  Digital Deluxe Edition + 8 DLCs, 295
Final Fantasy XIII + Update III, 295
Toukiden 2  v1.0.1 + All DLCs, 291
We Happy Few  v1.9.88874 + All DLCs, 291
DiRT 4  v1.02 + HotFix + 3 DLCs, 285
Youtubers Life, 285
Batman: Arkham City  Game of The Year Edition, 283
ONE PIECE: World Seeker  v1.4.0 + 17 DLCs, 279
PayDay 2  v1.95.895/Update 199.5.1 + 102 DLCs, 279
Tom Clancys Splinter Cell: Blacklist  Digital Deluxe Edition v1.03 + 2 DLCs, 277
Devil May Cry HD Collection, 274
A Total War Saga: Thrones of Britannia  v1.0.11578 + Multiplayer, 271
ELEX  v1.0.2981.0 Build 427388, 270
Mirrors Edge: Catalyst  v1.0.3.47248 + 2 DLC, 270
Half-Life: Source Quadrilogy  v09.26.2019 + 4 OSTs, 269
Train Sim World 2020  Build 550/4667268 (02.13.2020) + 22 DLCs, 267
Unravel Two  v1.0.0.47008, 263
Two Point Hospital  v1.19.49336 + 9 DLCs, 261
Bayonetta 2, 260
Spyro Reignited Trilogy, 258
The King of Fighters XIV: Steam Edition  v1.19 + 2 DLCs, 258
World of Final Fantasy: Day One Edition + MAXIMA Upgrade, 258
Titan Quest: Anniversary Edition  v2.3.0 + 2 DLCs, 257
Yu-Gi-Oh! Legacy of the Duelist + 18 DLCs + Multiplayer, 257
Darksiders: Warmastered Edition + Update 11 (v1.00 cs:2617), 252
Agony UNRATED, 251
ECHO + HotFix/Update 2, 251
Metro Redux (2033 + Last Light)  GOG v2.0.0.2 + Update 7, 251
Pillars of Eternity 2: Deadfire  v4.0.0.0034 + All DLCs, 247
Bayonetta, 245
NARUTO SHIPPUDEN: Ultimate Ninja STORM 3 Full Burst HD, 245
Disco Elysium  Build 4601387/Hardcore, 244
Car Mechanic Simulator 2018  v1.5.15 Hotfix 1 + 9 DLCs, 243
The Legend of Heroes: Trails of Cold Steel 2 + 13 DLCs, 242
Valkyria Chronicles 4  v1.03 + 5 DLCs, 240
Ashes Cricket  v1.0548, 239
Rise of the Tomb Raider: 20 Year Celebration  v1.0.820.0_64 + All DLCs, 239
.hack//G.U. Last Recode, 238
CoD Black Ops 3 Repack Status, 238
Dynasty Warriors 9  v1.01 + DLC, 238
AO International Tennis  v1.0.1588, 235
Saints Row IV: Game of the Century Edition  v.U22 Steam/v20170523_12199 GOG, 234
X4: Foundations  v3.00 + 2 DLCs, 234
Final Fantasy XII: The Zodiac Age  Day 1 Edition, 233
Batman: Arkham Asylum  Game of the Year Edition + Joker & Prey in the Darkness DLCs, 232
Phoning Home + Update 1, 232
Don Bradman Cricket 17, 231
Sniper Elite 3  v1.15a + All DLCs + Multiplayer, 231
Crackdown 3, 230
Mass Effect 2: Digital Deluxe Edition  v1.02 + DLC Bundle (All DLCs), 230
Friday the 13th: The Game  vB11030 + 7 DLCs, 229
Tropico 6: El Prez Edition  v.10 (97) + 3 DLCs, 229
Killer Instinct: Steam Edition, 228
Ni no Kuni: Wrath of the White Witch  Remastered, 227
Sudden Strike 4: Day One Edition  v1.12.28520 + 4 DLCs, 226
GOD EATER 2: Rage Burst, 225
Journey, 219
Spec Ops: The Line + 2 DLC + Multiplayer, 219
Kingdoms of Amalur: Reckoning  v1.0.0.2 + All DLCs, 218
Life is Strange: Before the Storm  The Limited Edition, 217
Disney Infinity: Gold Collection  1.0 + 2.0 + 3.0, 216
Accel World VS. Sword Art Online: Deluxe Edition, 215
Mass Effect  v1.02 + 2 DLCs + Bonus Content, 215
Strange Brigade: Deluxe Edition  v1.47.22.14 + 10 DLCs + Multiplayer, 215
Football Manager 2017 + Football Manager Touch 2017 + FM Editor  v17.3.1 + 17 DLCs, 214
Mega Man 11, 213
Sonic Mania Plus  v1.05.0713 + Encore DLC, 211
Blair Witch: Deluxe Edition  v08302019/Update 1, 210
Fernbus Simulator + 2 DLCs, 210
Football Manager 2018  v18.3.3, 209
Syberia 3: Digital Deluxe Edition  v3.0 + DLC, 209
The Walking Dead: A New Frontier  Complete Season, 208
Ys VIII: Lacrimosa of Dana  v20200119 HotFix + HQ Texture Pack + All DLCs, 208
Syrian Warfare  v1.2.0.43/1.3.0.19 + 2 DLCs, 207
The Walking Dead: The Telltale Definitive Series, 207
This War of Mine: Final Cut  v6.0.7 + All DLCs + OST, 207
Starpoint Gemini: Warlords  v2.030.0 HotFix + 5 DLCs, 206
Zoo Tycoon: Ultimate Animal Collection, 206
Catherine Classic, 205
Dishonored: Game of the Year/Definitive Edition, 203
Fade to Silence  v1.1/1.0.2022 + Multiplayer, 203
A Hat in Time: Ultimate Edition  Build 3835273 + All DLCs, 200
CHUCHEL, 200
Darksiders: Genesis  Build #42500 + Digital Extras DLC + Multiplayer, 200
Resident Evil 6  v1.10/1.06 + All DLCs + Multiplayer, 200
ZOMBI v1.1, 200
Borderlands 2  v1.8.4 + All DLCs, 199
Bulletstorm: Full Clip Edition, 196
Okami HD + CrackFix, 196
Assetto Corsa Competizione  v1.3.1 + Intercontinental GT Pack DLC, 194
Octopath Traveler + Update 1, 194
The Witcher: Enhanced Edition  Directors Cut  v1.5 GOG + All DLCs, 194
Ashes of the Singularity: Escalation  v2.90.69534 + 12 DLCs, 193
Mutant Year Zero: Road to Eden  v1.07 + 2 DLCs, 192
Styx: Shards of Darkness  v1.05 + DLC, 192
Final Fantasy VIII Remastered, 191
NARUTO: Ultimate Ninja STORM, 191
DiRT Rally  v1.23, 189
Sonic Forces  v1.04.79 + 6 DLCs, 189
Guilty Gear Xrd REV 2 + All DLC, 186
Little Nightmares: Complete Edition + OST + Wallpapers, 185
Sniper: Ghost Warrior Contracts + Update 1 + 9 DLCs, 185
Warhammer: Chaosbane  Deluxe Edition  Build 27.02.2020 + 11 DLCs, 185
Naruto to Boruto: Shinobi Striker  v1.03.00, 184
Dead or Alive 5: Last Round  v1.10C + All DLCs + Unlocker, 183
Borderlands: Game of The Year Edition  v1.5.0 + 4 DLCs, 182
Immortal: Unchained v1.10 + 3 DLCs, 182
Killing Floor 2: Digital Deluxe Edition  v1090, 182
Age of Empires 3: Complete Collection, 181
SENRAN KAGURA Peach Beach Splash  v1.01 + 28 DLCs, 180
Dead Space 3: Limited Edition  v1.0.0.1 + 12 DLCs/Items, 178
Subnautica  v59783/Release, 176
Terminator: Resistance, 176
"The Walking Dead: The Final Season (All Episodes,  1-4)", 176
Tyranny: Overlord Edition  v1.2.0.0079 + 5 DLCs, 176
ASTRONEER  v1.13.121.0 (Automation Update), 175
BATTLETECH: Digital Deluxe Edition  v1.8.0 + All DLCs & Bonus Content, 174
Metal Gear Solid V: Ground Zeroes  v1.0.0.5 + CrackFix, 174
Steins;Gate Elite, 173
Senran Kagura Estival Versus + 13 DLCs, 171
Ashen, 170
Sword Art Online RE: Hollow Fragment + Multiplayer, 170
Command & Conquer: Red Alert 3 + Uprising Add-on  v1.12/v1.0, 169
My Time at Portia  v2.0.139521 + 8 DLCs, 169
Shenmue III  v1.05.03 + 5 DLCs, 168
Hunting Simulator  v1.2 + DLC, 167
Mantis Burn Racing + 3 DLCs, 167
MX vs. ATV All Out  v2.9.6 HotFix + 37 DLCs, 167
Shadows: Awakening  v1.1, 167
Torment: Tides of Numenera  v1.0.1 + 4 DLCs, 163
WRC 7 FIA World Rally Championship  v1.4 + Porsche DLC, 163
Company of Heroes 2: Master Collection  v4.0.0.21748 + All DLCs, 162
Metal Gear Rising: Revengeance + Update 2, 162
Quantum Break  Live Series Offline Add-on, 162
Blue Reflection  v1.01/Update 1 + DLCs, 161
Unravel, 160
Viscera Cleanup Detail  v1.092 + House of Horror DLC, 160
Madden NFL 20  v08.20.2019, 159
Farming Simulator 17   v1.2.1 + 5 DLCs + 2 Mods, 158
Endless Space 2  v1.5.3.S5 + All DLCs, 157
NARUTO SHIPPUDEN: Ultimate Ninja STORM 2, 157
Burnout Paradise: The Ultimate Box  v20171009 + All DLCs, 155
Crysis Warhead  v1.1.1.711, 155
NBA Playgrounds  v1.4.0 + 2 DLCs, 155
Pillars of Eternity: Definitive Edition, 153
Sword Art Online: Lost Song, 153
FlatOut 4: Total Insanity + Free Multiplayer, 152
SINNER: Sacrifice for Redemption, 150
WRC 6 FIA World Rally Championship  v1.0.53 + DLC + Multiplayer, 150
Ultimate Marvel vs. Capcom 3, 149
WRC 8 FIA World Rally Championship, 149
"Project CARS: Game of the Year Edition,  v11.2 + All DLCs", 148
Resonance of Fate  4K/HD Edition, 148
Berserk and the Band of the Hawk + 6 DLCs, 147
Get Even, 147
Lara Croft GO + The Mirror of Spirits, 147
The Sinking City: Necronomicon Edition  v3757.2 + 2 DLCs, 147
Phoenix Point  v1.6 + 2 DLC + 3 Bonus OSTs, 145
"Absolver,  v1.24.478 (Downfall) + 2 DLCs", 144
"Dreamfall Chapters: The Final Cut,  v5.7.2.1", 144
Duke Nukem 3D: 20th Anniversary World Tour, 144
KILL la KILL: IF  v1.01, 144
Motorsport Manager  v1.4.14933 + 4 DLC, 144
RiME  v1.01, 144
One Piece: Burning Blood  Gold Edition (All DLCs), 142
Super Dragon Ball Heroes: World Mission + 3 DLCs + Multiplayer, 142
Vanquish, 142
My Hero Ones Justice + 4 DLCs, 141
Super Luckys Tale + DLC, 141
Green Hell, 140
Rune II  v1.0.919 + Server + Bonus Content, 140
Star Ocean: The Last Hope  4K & Full HD Remaster, 140
EVERSPACE, 139
"BlazBlue: Cross Tag Battle  Special Edition,  v2.0 + 14 DLCs + Bonus Content", 138
Dragon Quest Heroes 2: Explorers Edition + All DLCs, 138
SENRAN KAGURA Reflexions + 20 DLCs, 138
Railway Empire  v1.13.0.25785 + 9 DLCs, 137
Hunt Down The Freeman + Update 1 (Day 1 Patch), 136
Road Redemption, 136
Ion Fury, 135
PixARK  v1.82 + 2 DLCs, 135
Champions of Anteria  v1.7.499537.X + All DLCs, 134
Crysis  v1.1.1.6156, 134
"Q.U.B.E. 2,  v1.8 + 3 DLCs + Soundtrack", 134
Red Faction: Guerrilla  Steam Edition, 134
"Space Hulk: Deathwing  Enhanced Edition,  v2.42 + 3 DLC", 134
We. The Revolution  v1.0.0, 134
MotoGP 19 + Historical Pack DLC, 133
Tales of Vesperia: Definitive Edition + 2 DLCs, 133
Danganronpa V3: Killing Harmony, 132
Dead Rising + All DLCs + HotFix, 132
RAID: World War II + v15.1 + DLCs, 132
Desolate  v1.0, 130
Red Faction Guerrilla Re-Mars-tered  v1.0 cs:4450 (Update 7), 130
Earth Defense Force 5 + 20 DLCs + Multiplayer, 129
Vikings: Wolves of Midgard, 129
Nights of Azure + Update 1, 128
"Warhammer 40, 000: Dawn of War 3  v4.0.0.16278 + PreOrder Bonus", 128
Aliens vs. Predator + 2 DLC, 127
Close to the Sun, 125
Extinction, 125
NBA 2K Playgrounds 2 + All Star Update, 125
One Piece: Unlimited World Red  Deluxe Edition, 125
Warriors All-Stars + 27 DLCs, 124
F1 2016  v1.8.0 + DLC + Multiplayer, 123
Sherlock Holmes: The Devils Daughter, 123
Super Neptunia RPG: Deluxe Edition  v20190807 + 13 DLCs, 123
Shenmue I & II, 122
ABZU  v1.1 + Proper Crack, 121
Super Robot Wars V + 2 DLCs, 121
Man O War: Corsair  Warhammer Naval Battles  v1.4.2 + 2 DLCs, 120
Spider-Man: Shattered Dimensions (Steam), 120
>observer_, 119
Command & Conquer 3: Tiberium Wars + Kanes Wrath (v1.9.2801.21826/v1.02), 119
Hyperdimension Neptunia: Re;Birth Trilogy + All DLCs, 119
Observation  v1.16, 118
Overcooked! 2: Gourmet Edition + All DLCs, 118
RIDE 2 + 2 DLC, 118
Sniper Elite V2 Remastered, 117
Fairy Fencer F: Advent Dark Force  Build.20170218 + All DLCs, 116
MechWarrior 5: Mercenaries  v1.0.175, 116
RIDE 3  Complete the Set Bundle + 3 DLCs, 116
BioShock Remastered  v1.0.122872, 115
Fate/EXTELLA LINK: Digital Deluxe Edition + 19 DLCs + OST, 115
My Friend Pedro: Blood Bullets Bananas, 115
Ghostbusters: The Video Game Remastered + HotFix, 114
Megadimension Neptunia VIIR + 14 DLCs, 114
Moons of Madness  v1.01 (4337769), 114
Ancestors Legacy  Build 52498 + Bonus Content, 113
Final Fantasy X/X-2: HD Remaster, 113
GRID Autosport  Complete  v1.0.103.1840 + All DLCs, 113
Lords of the Fallen  v1.0/24706 GOG + All DLCs + Bonus Content, 113
ONINAKI + DLC, 113
Bubsy: The Woolies Strike Back, 112
Neverwinter Nights: Enhanced Edition  v79.8193.9 + All DLCs, 112
Shining Resonance Refrain  v1.00.1618, 112
Tales from the Borderlands: Episodes 1-5, 112
The Evil Within: Complete Edition (Update 10 + All DLCs), 112
Underworld Ascendant  v1.02 + 3 DLCs, 112
"Aven Colony,  v1.0.23705 + DLC", 111
Dungeons 3  v1.7 + All DLCs, 111
LEGO DC Super-Villains + 10 DLCs, 111
Atelier Firis: The Alchemist and the Mysterious Journey  v1.0.0.9 + 2 DLCs, 110
Debris, 109
All-Star Fruit Racing + DLC, 108
LEGO Worlds, 108
Moero Chronicle: Deluxe Bundle  v1.0.06, 108
New Gundam Breaker + DLC, 108
SpellForce 3  v1.01/Update 2, 108
Aragami  v1.09 + 2 DLC + Bonus, 107
Cyberdimension Neptunia: 4 Goddesses Online, 107
Expeditions: Viking  v1.0.1, 107
Guts & Glory, 106
Shadow Tactics: Blades of the Shogun  v1.1.2.f, 105
Steel Division: Normandy 44  Build 80629, 105
Surviving Mars  v05.16.2019/Armstrong Update + All DLCs, 105
Call to Arms: Ultimate Edition  v1.100.0 + All DLCs, 103
Guilty Gear Xrd -REVELATOR- Digital Deluxe Edition  v1.01 + 7 DLC, 103
LEGO City Undercover + Update 1, 103
NASCAR Heat 4: Gold Edition + 5 DLCs, 103
"DOOM + DOOM II: Classic Bundle  Bethesda.net v7155 (Jan 09,  2020) + 4 Add-ons", 102
Porno Studio Tycoon  v1.2017.05.05, 102
Minecraft: Story Mode  Season 2: The Telltale Series  All Episodes (1-5), 101
Atelier Arland series Deluxe Pack, 100
Death end re;Quest  Build 5.17.2019/3832712 + 9 DLCs, 100
Puyo Puyo Tetris + Update 4, 100
Rush: A Disney-Pixar Adventure, 100
The Conjuring House  v1.0.2, 100
"Mirrors Edge,  GOG DRM-Free v1.0.1.0", 98
The Council: Complete Season (Episodes 1-5), 97
Trine 4: The Nightmare Prince  v511094/Update 1 + DLC + Multiplayer, 97
Street Fighter 30th Anniversary Collection, 96
Pathologic 2  v.Update 7 + DLC + Bonus, 95
Project Nimbus: Complete Edition  v1.02, 95
Samurai Warriors: Spirit of Sanada + DLC, 95
TT Isle of Man: Ride on the Edge  Day One Edition + Multiplayer, 95
Dangerous Driving, 94
Late Shift, 94
SPORE Collection  GOG DRM-free, 94
Telling Lies, 94
Borderlands: The Pre-Sequel  Remastered + 6 DLCs, 92
Disneyland Adventures, 92
Earthfall + DLC + Multiplayer, 92
Murderous Pursuits + Multiplayer, 92
"Thronebreaker: The Witcher Tales,  v1.0.2.12", 92
Weedcraft Inc  v1.02, 92
Dual Blade ~ Battle of The Female Ninja ~, 91
Eador: Imperium, 91
Gravel + Porsche Rally Pack DLC, 91
Marvels Guardians of the Galaxy: The Telltale Series  Complete Season, 91
2Dark, 90
Two Worlds II HD  v2.07 + All DLCs, 90
Daymare: 1998, 89
Shift Happens, 89
The Saboteur  GOG DRM-Free, 89
White Day: A Labyrinth Named School  v1.03 + 30 DLCs, 89
Planet Explorers, 88
SENRAN KAGURA Peach Ball + 4 DLCs, 88
The LEGO Ninjago Movie  Video Game, 88
Troll and I + Update 2, 88
Cossacks 3  v1.0.0.46 (Update 3), 87
Fate/EXTELLA: The Umbral Star, 87
Transformers: Fall of Cybertron + 3 DLCs, 86
Black Clover: Quartet Knights + 8 DLCs, 85
Mr. Shifty, 85
Stranglehold  v1.1 GOG/31068, 85
Dakar 18  v.03, 84
Disney Classic Games: Aladdin and The Lion King, 84
Kane & Lynch 2: Dog Days  Complete, 83
Monopoly Plus, 83
Blood Bowl 2: Legendary Edition  v3.0.120.2 + 9 DLCs, 82
"Duke Nukem Forever,  v1.0 (Build 244) + 3 DLCs", 82
"The Long Dark,  v1.16.33814", 82
Victor Vran: Overkill Edition  v2.07 + Update June 7th + All DLCs, 82
Borderlands: The Pre-Sequel  v1.0.7 + 5 DLCs, 81
Earth Defense Force: Iron Rain + 52 DLCs + Multiplayer, 81
Fragmented, 81
MotoGP 14: Complete Edition  v1.001 + 4 DLCs, 81
Nobunagas Ambition: Sphere of Influence  Ascension + 9 DLCs, 81
Batman: The Telltale Series  Shadows Edition (First Season Only), 80
Dead Space 2: Collectors Edition  v1.1 + All DLCs and Conduit Rooms Unlocker, 80
"LEGO Star Wars: The Force Awakens,  v1.03 (build 1.0.0.33084) + 12 DLCs", 80
Star Control: Origins  v1.01.53103, 80
Transport Fever 2  Build 29416, 80
Steel Division 2  v21313 + 2 DLCs, 79
Yooka-Laylee + 64-Bit Tonic Update + Bonus, 79
Galactic Civilizations 3  v4.0 + 19 DLCs, 78
Lost Sphear, 78
Omega Quintet + All DLCs, 78
Call of Cthulhu, 77
Rebel Galaxy Outlaw  v1.02, 77
SpellForce 3: Soul Harvest, 77
Blacksad: Under the Skin, 76
Disgaea 5 Complete, 76
The Beast Inside, 76
Mega Man X: Legacy Collection 1 + 2, 75
Onimusha: Warlords, 75
SENRAN KAGURA Burst Re:Newal  Tailor-Made Limited Edition, 75
Helldivers: A New Hell Edition, 74
Black Mirror  v1.0.0.1005 rev.8812, 73
Fishing Sim World: Deluxe Edition, 73
Hello Neighbor, 73
Kona, 73
Night in the Woods, 73
Bullet Girls Phantasia + 26 DLCs, 72
Doraemon: Story of Seasons, 72
Moto Racer 4  v1.5 + All DLCs + Multiplayer, 72
MotoGP 18 + Multiplayer, 72
Dead Space  v1.0.0.222 GOG, 71
Secret of Mana: Day-1 Edition + 2 DLCs, 71
Take On Mars  v1.0.0001, 71
The LEGO Movie 2 Videogame + Prophecy Pack DLC, 71
The Occupation, 71
Age of Wonders: Planetfall  Deluxe Edition  v1.101.38236 + 6 DLCs, 70
RUINER v1.06, 70
Outcast: Second Contact, 69
The Fidelio Incident, 69
The Sexy Brutale, 69
ADR1FT  v1.2.9.20854, 68
Batman: The Enemy Within  The Telltale Series  Shadows Edition, 68
BlazBlue: Central Fiction  v1.01, 68
Contra: Rogue Corps, 68
Freeman: Guerrilla Warfare, 68
Minecraft: Story Mode  Complete Season (Episodes 1-8), 68
Republique Remastered, 68
Atelier Lulua ~The Scion of Arland~ + 5 DLCs, 67
Black: The Fall, 67
Constructor HD  v25.04.2018 + All DLCs, 67
Mark of the Ninja: Remastered, 67
The Raven Remastered: Digital Deluxe Edition, 67
Vaporum, 67
Aporia: Beyond the Valley, 66
Castlevania: Lords of Shadow  Ultimate Edition  v1.0.2.9/Update 2 + All DLCs, 66
Pro Cycling Manager Season 2017, 65
Rock of Ages 2: Bigger & Boulder  v1.02 + 2 DLCs, 65
Syndrome v1.03f, 65
Bring to Light, 64
Danganronpa Another Episode: Ultra Despair Girls, 64
Devils Hunt, 64
Dragon Star Varnir: Complete Deluxe Edition + All DLCs + Bonus Content, 64
GRIP: Combat Racing + 6 DLCs, 64
Home Sweet Home, 64
One Sole Purpose, 64
Planescape: Torment  Enhanced Edition  v3.0.3.0, 64
Seven: Enhanced Collectors Edition  v1.3.2 + Bonus Content, 64
Atelier Lydie & Suelle ~The Alchemists and the Mysterious Paintings~ + Bonus DLC, 63
"HELLGATE: London (Re-release SP Version,  v2.1.0.4)", 63
INSOMNIA: The Ark  v20180928/Update 1 + Bonus, 63
AI: The Somnium Files, 62
Atelier: Dusk Trilogy  Deluxe Pack, 62
Kings Quest: The Complete Collection (Chapters 1-5), 62
Million Arthur: Arcana Blood  Limited Edition + Multiplayer, 62
Shiness: The Lightning Kingdom  v1.01 + Maherian Language Pack DLC, 62
Tokyo Xanadu eX+, 62
Tower of Time: Final Edition, 62
Trailmakers  v1.0.2, 62
CHAOS;CHILD, 61
Pro Cycling Manager 2019  v1.0.2.3 + WorldDB Mod v0.2, 61
Rocketbirds 2: Evolution, 61
Sherlock Holmes: Crimes and Punishments  v76408 + ArtBook, 61
Transference, 61
MotoGP 17, 60
STEINS;GATE  Steam HD Edition, 60
Super Robot Wars X + Early Purchase Bonus + Real Singing Song Pack, 60
Yooka-Laylee and the Impossible Lair + Not So Impossible Lair Update + DLC + Bonus Content, 60
Decay of Logos  v1.0.29_8, 59
Dynasty Warriors 7: Xtreme Legends Definitive Edition, 59
Emergency 20, 59
Forged of Blood  v1.0.4341, 59
MOTHERGUNSHIP, 59
Tetris Effect, 59
Garfield Kart: Furious Racing, 58
LEGO The Incredibles + DLC, 58
NASCAR Heat 2, 58
Serious Sam HD: The Second Encounter  Build 263699 + All DLCs, 58
Bloody Zombies, 57
Centralia: Homecoming  v1.8, 57
Darkest Dungeon  v23917 + All DLCs, 57
Gunheart, 57
MX vs. ATV Supercross Encore + 31 DLCs, 57
Portal Knights  v1.0.1 + 5 DLCs + Multiplayer, 57
Sea of Solitude, 57
Steel Rats + DLC, 57
The Bards Tale IV: Barrows Deep, 57
The Bards Tale IV: Directors Cut, 57
V-Rally 4: Day One Edition + DLC, 57
Chinese Paladin: Sword and Fairy 6, 56
Lust for Darkness  v20180617, 56
MXGP3: The Official Motocross Videogame, 56
Redeemer: Enhanced Edition + HotFix, 56
SaGa SCARLET GRACE: Ambitions, 56
Sniper Elite V2  v1.13 + 5 DLCs, 56
X Rebirth  v4.10 + 2 DLCs, 56
Kerbal Space Program v1.3, 55
Phoenix Wright: Ace Attorney Trilogy + Bonus Content, 55
The Free Ones, 55
ZED, 55
Battlefleet Gothic: Armada 2  v8822, 54
Fear Effect Sedna, 54
Raiders of the Broken Planet Bundle, 54
"Warhammer 40, 000: Mechanicus  Omnissiah Edition  v1.3.0 + Heretek DLC", 54
Assault Spy, 53
Battlezone: Gold Edition  v1.08 + Multiplayer, 53
Below  v1.1.0.79 (Explore Update), 53
Farm Expert 2017  v1.106 PROPER, 53
Spintires: MudRunner  v18.10.18 + 3 DLCs, 53
Arise: A Simple Story, 52
Die Young  v1.0.0.20, 52
Monster Energy Supercross: The Official Videogame, 52
The Legend of Heroes: Trails in the Sky the 3rd + HotFix, 52
Afterparty, 51
Battle Chasers: Nightwar, 51
Dark Rose Valkyrie: Complete Deluxe Set, 51
Dead Effect 2  v190401.1357 + 2 DLCs, 51
Lucius III  v0.181214183905.a, 51
Rogue Trooper Redux, 51
SENRAN KAGURA Bon Appetit!  Full Course  v1.01.05, 51
Steins;Gate 0, 51
Ultimate Epic Battle Simulator, 51
Fast Dust, 50
Jagged Alliance: Rage!  v34404.651, 50
Danger Zone, 49
Dungeon Defenders  v8.3 + All DLCs, 49
"Hybrid Wars: Deluxe Edition  Working Co-op,  3 Chars,  Bonus Content", 49
Lost Ember, 49
Only After, 49
Shaolin vs Wutang, 49
Trover Saves the Universe, 49
UNDER NIGHT IN-BIRTH Exe:Late[cl-r] + All DLCs & OST, 49
Yesterday Origins + Update 1, 49
Baldr Sky, 48
Carmageddon: Max Damage  The U.S. Election Nightmare Special Edition, 48
Event[0], 48
Filthy Lucre + CrackFix + Multiplayer, 48
Indivisible, 48
Mary Skelter: Nightmares + 6 DLCs, 48
Monster Energy Supercross: The Official Videogame 2 + 7 DLCs, 48
MX Nitro: Unleashed + DLC, 48
Superdimension Neptune VS Sega Hard Girls + All DLCs + Bonus Content, 48
BAJA: Edge of Control HD, 47
Bullet Witch, 47
City Patrol: Police, 47
Hob  v1.10.2.0/Update 2, 47
Miniature: The Story Puzzle, 47
River City Girls, 47
This Is the Police 2, 47
Apsulov: End of Gods  v1.0.12, 46
Arizona Derby, 46
Tyler: Model 005, 46
DARQ  v1.2 + The Tower DLC, 45
Monster Jam: Steel Titans, 45
Nelke & the Legendary Alchemists + DLC, 45
Pro Cycling Manager 2018  v1.0.1.2 + Stage Editor, 45
The Descendant: Full Season (Episodes 1-5), 45
Trillion: God of Destruction + Deluxe Pack DLC, 45
BDSM: Big Drunk Satanic Massacre  v1.0.13 + 2 DLCs, 44
Deliver Us The Moon  v1.0.3 + Soundtrack, 44
Everreach: Project Eden, 44
Goat Simulator: GOATY Edition  v.1.5.58533 + All DLCs, 44
Outer Wilds  v1.0.1, 44
Snooker 19  v1.1, 44
Worms W.M.D. + All-Stars DLC + Wormhole Update, 44
Constructor Plus, 43
GRANDIA HD Collection  v1.00.44, 43
Mars 2030, 43
Record of Agarest War: Mariage  Deluxe Bundle, 43
The Long Journey Home, 43
"Warhammer 40, 000: Gladius  Relics of War  v1.0.2 + DLC + Multiplayer", 43
Falcon Age  v1.02, 42
Impact Winter  v1.0.5, 42
The Butterfly Sign  v1.1.2/Update 5, 42
Thief Simulator  v1.2b, 42
Transport Fever  Build 11908, 42
ATOM RPG: Post-apocalyptic Indie Game  v1.1, 41
Hand of Fate 2  v.1.0.3, 41
Omensight: Definitive Edition- v1.04, 41
Pine, 41
RAD + DLC, 41
Space Hulk: Tactics, 41
The Painscreek Killings, 41
Castlevania: Lords of Shadow 2  v1.0.0.1/Update 1 + 4 DLCs, 40
Formula Fusion, 40
Inner Chains, 40
Assault Squad 2: Men of War Origins  v3.261.0 + All DLCs, 39
Earthlock: Festival of Magic, 39
FIA European Truck Racing Championship + DLC + Multiplayer, 39
MXGP 2019: The Official Motocross Videogame, 39
Phantom Doctrine, 39
Tacoma, 39
Tale of Wuxia: The Pre-Sequel + HotFix v1.0.0.1, 39
The Dwarves  v1.1.2.57, 39
Amid Evil  v2055 (Ancient Alphas), 38
Anamorphine, 38
Chess Ultra  v1.6, 38
Endless Legend  v1.6.2 S3 + All DLCs, 38
How to Survive 2 + 3 DLC, 38
Little Witch Academia: Chamber of Time, 38
RollerCoaster Tycoon World  v61951, 38
Sail and Sacrifice + Hotfix, 38
The Blackout Club, 38
Through the Woods + HotFix, 38
Abandon Ship  v1.0.13298, 37
Conarium  v1.0.0.3, 37
Gibbous: A Cthulhu Adventure, 37
MXGP Pro, 37
Prison Architect  r1723/The Sneezer Update + 3 DLCs, 37
Rebel Cops  v1.0.7.0, 37
Redout, 37
ARC Continuum, 36
de Blob, 36
Empathy: Path of Whispers, 36
Fantasy General II: Invasion  Hero Edition + DLC + Bonuses, 36
Narcos: Rise of the Cartel, 36
The Hong Kong Massacre, 36
Tokyo Warfare Turbo + 2 DLCs, 36
Downward, 35
Maize, 35
MotoGP 15 + All DLCs, 35
NASCAR Heat 3, 35
Unbox: Newbies Adventure, 35
MegaTagmension Blanc + Neptune VS Zombies  Deluxe Edition  v1.01 (Update 1), 34
Monkey King: Hero Is Back  Deluxe Edition + All DLCs, 34
Overgrowth, 34
Ashes of Oahu, 33
Asterix & Obelix XXL 3: The Crystal Menhir + 2 DLCs, 33
Conan Unconquered  v1.143.703634 (Belits Fury), 33
Full Throttle Remastered, 33
Morels: The Hunt, 33
Offroad Racing: Buggy X ATV X Moto, 33
Super Monkey Ball: Banana Blitz HD + Controller Fix, 33
Tokyo 42 + Hotfix v1.0.1, 33
UnderRail + Expedition DLC  v1.1.1.3, 33
428: Shibuya Scramble, 32
Hot Lava, 32
Layers of Fear 2, 32
No70: Eye of Basir, 32
Operencia: The Stolen Sun  Explorers Edition, 32
Planet Alpha, 32
Romancing SaGa 3, 32
S.W.I.N.E. HD Remaster  v1.1.1622 GOG + Bonus Content, 32
Seasons after Fall, 32
Shock Tactics + HotFix, 32
Snake Pass, 32
Strike Vector EX, 32
The Golf Club 2019 featuring PGA TOUR, 32
Unity of Command II, 32
303 Squadron: Battle of Britain, 31
Autobahn Police Simulator 2  v1.0.2, 31
Citizens of Space, 31
Ember, 31
Husk + Update 3, 31
My Memory of Us, 31
Omen of Sorrow, 31
Regalia: Of Men and Monarchs  v1.02, 31
The Golf Club 2, 31
ATV Drift & Tricks + Multiplayer, 30
de Blob 2  v0.15, 30
Emergency 2017, 30
Flying Tigers: Shadows Over China  Digital Deluxe Edition, 30
Hardland, 30
Railroad Corporation  v1.1.8526, 30
Sine Mora EX, 30
Solstice Chronicles: MIA + HotFix, 30
Spintires: The Original Game  v1.4.0 + 3 DLCs, 30
Thief of Thieves: Season One  Volumes 1 & 2 (out of 4), 30
Children of Zodiarcs, 29
Draugen, 29
Kursk  v1.03 + Bonus Content, 29
Masquerade: The Baubles of Doom  v20160501, 29
Micro Machines: World Series, 29
Nine Parchments  v1.1.0 (build 4719), 29
Rad Rodgers: Radical Edition, 29
ShockRods, 29
Sturmwind EX, 29
Xenon Racer, 29
Zone of the Enders: The 2nd Runner  MARS + DLC, 29
Battlestar Galactica: Deadlock  v1.2.70 + 4 DLCs, 28
Diluvion: Resubmerged  v1.2.33 + 2 DLCs + Bonus, 28
Masquerada: Songs and Shadows  v1.10 GOG DRM-Free, 28
Obduction + Update 1 (Hot Fix), 28
Runner Heroes: The Curse of Night & Day, 28
The Bunker, 28
Forgotton Anne, 27
Mages of Mystralia, 27
Metal Wolf Chaos XD  v1.02 + DLC, 27
Party Hard 2  v1.0.007.r, 27
State of Mind, 27
Valfaris, 27
Mother Russia Bleeds, 26
Reservoir Dogs: Bloody Days + Update 1, 26
"Slice,  Dice & Rice", 26
SolSeraph, 26
STEINS;GATE: My Darlings Embrace, 26
TASTEE: Lethal Tactics + 3 DLCs, 26
Livelock  v25031, 25
Paranoia: Happiness is Mandatory, 25
Space Rogue  v1.45.7805_124240, 25
The Spectrum Retreat, 25
The Story of Henry Bishop, 25
War for the Overworld: Ultimate Edition  v2.0.7 + All DLCs, 25
Asemblance: Oversight, 24
Dont Knock Twice, 24
Ice Age: Scrats Nutty Adventure, 24
INFRA: Complete Edition, 24
Perception, 24
Raw Footage, 24
Shiny, 24
Sorcerer King: Rivals, 24
Wartile, 24
Alice VR  v.1.2.4.1, 23
The Apartment, 23
World to the West, 23
Castlevania: Lords of Shadow  Mirror of Fate HD  v1.0.684579, 22
Felix The Reaper, 22
Widowers Sky, 22
Aqua Moto Racing Utopia, 21
Corpse Party: Blood Drive, 21
Silver Chains, 21
Superliminal  v1.0.2019.11.12.1005, 21
The Uncertain: Episode 1  The Last Quiet Day, 21
Travis Strikes Again: No More Heroes  Complete Edition, 21
Typical Nightmare, 21
Candle, 20
Catch the Head, 20
Gray Dawn, 20
Grimshade  v1.0.2, 20
Legrand Legacy: Tale of the Fatebounds  v1.0.2, 20
Mosaic  v1.1.8.75, 20
Overload, 20
Silence: The Whispered World 2  v1.1.20227, 20
Achtung! Cthulhu Tactics  v1.0.0.6, 19
Formata, 19
The Banner Saga 3 + All DLCs, 19
Coffence, 18
Immortal Redneck  v1.1.1, 18
Reaching for Petals, 18
The Light Keeps Us Safe  v1.0, 18
Virginia, 18
Crazy Machines 3, 17
EMPYRE: Lords of the Sea Gates, 17
Golem Gates  v20180526, 17
In Fear I Trust: Episodes 1-4 Collection Pack, 17
Realms of Arkania: Star Trail, 16
The Banner Saga 2  v2.61.02 GOG, 16
The Forbidden Arts  v1.0.1.0, 16
The Piano v1.0d.1 fixed, 16
Liberty Prime, 15
STEINS;GATE: Linear Bounded Phenogram, 15
Urban Trial Playground, 15
Antigraviator  v1.02, 14
Guacamelee! 2, 14
Siege of Centauri  v1.00.66518, 14
Zombieland: Double Tap  Road Trip, 14
Attack of the Earthlings, 13
"Duke Grabowski,  Mighty Swashbuckler", 13
Renoir, 13
Yaga  v1.0.80, 13
A Knights Quest, 12
Skylar & Plux: Adventure On Clover Island, 12
Mekazoo, 11
Quantum Replica, 11
Rogue Slash, 11
Detective Gallo, 10
Golem  v1.0.0.rev.47017, 7
Assault Suit Leynos, 6
Lantern, 6
Eisenwald: Blood of November, 0
Zenith, 0
